"Treatment","Outcome","IV1","IV2","IV3","IV4","IV5","IV6","IV7","IV8","IV9","IV10","IV11","IV12","IV13","IV14"
-3.11728731904165,-5.77470534152955,-0.691197386845902,0.611638163133191,-0.0547773599571809,-1.47095027696655,-0.440605820798312,0.958147092167513,1.27615835119544,-0.641996600283066,0.0545757245585628,0.0832711044655438,-0.0965178348989829,-1.88267076624295,-0.263715449297503,-0.868549516595026
1.20626717633718,2.18805083619162,0.633344968563555,0.314579742552354,-0.83232672280829,0.372231660874634,1.77768478112245,-1.2293179274089,-0.293398272163045,0.841811383538339,0.570333554213144,-0.522310330898712,0.118719064436616,1.60752229363635,0.162117154685397,0.515529475380674
3.81497472633192,8.23924762333381,-1.00263860607597,-0.354150023459577,0.803476462824178,-0.161506793270955,1.25560331482849,1.4328641856755,-0.00100320389621998,0.739195524701759,2.51122886834522,0.882855299707987,0.93259515570639,-0.463835898008909,0.729843624259293,0.195885521775147
-3.82156214737226,-6.64307047182345,-0.872173092038412,0.752092847308915,-0.731079720482848,0.165726436447165,0.194108476170074,-1.46297726596957,-0.41334419664596,-0.136184978303237,0.142367766947253,0.209045662011623,-0.593642100502008,-0.522115652956185,-1.59240346068486,-0.776636988527889
0.102040673061131,-0.106548300621146,-0.0971029145254535,-0.111702096627959,-0.706242793431851,0.310749220440855,-0.336492930025409,1.06276318669577,-2.87538960611941,-0.608610317022352,0.0881457514934885,-0.925472139794599,-0.109891996497236,-0.267566373118939,-0.658852928629302,-0.668114353029957
1.11906269574917,1.78540874960212,0.929164594888609,0.551690782830307,0.50348303417393,-0.726853030762026,0.464987376579192,-0.695405147213758,0.693824525300801,0.426741161793197,0.510376921330181,-1.01298694376315,-0.0973295583516556,-0.684464324095544,-1.47912171474846,0.373849264020315
3.02679293858963,5.23632129355685,-0.653570170750665,0.584047132754463,3.07707778615798,-0.531329989483281,-1.62473441903931,-0.432623348132976,-0.461653214098927,0.396535682881688,2.34048387752597,-0.204583212506393,0.0873114897722532,-0.461534809385052,1.54978457008799,0.557733580658518
0.0654993765934154,-0.596819389284918,1.28074553300891,-0.57310296883191,-0.386744791589768,0.0861673276100307,-0.596556145939845,-1.2996864174898,2.22512506835148,-0.768672679007136,-0.0605884689334932,-0.619503665399946,-0.136590046839065,-0.0743744019145848,0.5124534903329,0.90976928499235
5.01114449778482,10.563641958618,-1.13970699716149,1.02584091328377,-0.698068736493034,0.190481029937909,0.172640739133324,0.760419634863661,0.206966092159184,1.44210872463499,-0.475064445507448,2.25170508540865,2.28611234452766,0.531077011895494,1.69914860395373,1.22276971250851
0.387764231733385,0.566197249101919,1.63940186541948,0.0658866308738207,-0.606511235887217,0.00375739851783526,0.474099833291476,-0.557136220590936,0.406628377132687,-0.679464717964142,0.0168187934565532,-0.610192378532802,-0.00492226623232454,-0.156951049565317,-0.395276021334364,-0.697745425440913
0.94075102594919,2.41086804090118,-1.55603107036873,0.740932676862431,-0.458353358651929,-0.00164163600144563,-0.569420588242483,1.80981367532329,1.52849033998094,0.0157598062204158,0.275705033423412,-0.459103876346706,-0.196310741308204,1.63565049464956,0.531929281771589,1.00650661262919
2.71262779941782,5.51250818672078,-0.0446376285050999,-0.844425792074962,0.750829237534362,-0.0334569115797553,-0.870354388254912,-0.682932053656446,-0.251571509107047,0.597734996721609,-0.0427497912210216,-0.276904980853271,0.158690817456347,0.202132339004966,1.10123287605443,1.52977584247425
-1.68915608277344,-2.79242222415142,-1.27186642743558,1.04209349669456,-0.589856806160439,-0.357210427768246,-2.26297902626162,0.743008111553447,0.264564979321555,1.35486331916983,-0.0412007116264465,-0.65100031177597,0.105714118495178,-1.5755569544981,-0.425110218666422,-0.204980221125991
-1.85422157390041,-4.11452666822016,1.47719468992547,0.0761505497100647,-0.222007901253829,-1.50141703945106,-0.913822657722239,-0.420762304380471,-0.138968466515155,-0.389631475589735,0.574771731390333,-0.244649389121836,-0.316200559764397,-0.285365992961651,-1.8100609573248,-1.0736915486218
5.12422437750895,9.68324203916156,1.00469849186089,0.615217386625096,-0.665528674607714,-0.196055531957016,-0.753171766403654,-0.79512858966508,-0.881598266137533,0.178460395632416,-0.316910880220239,1.54991318378451,1.51416084244402,0.238249392626893,0.733475618594014,1.1785445935812
-4.88142184710953,-9.51473564157229,0.277211392303714,0.901141775690493,-0.576043572822361,0.0443174882984847,-0.587026362757499,1.04188596473669,0.166136035122816,-0.794907328307235,0.578619075568706,2.89449587727985,-3.29021694711289,-0.40008659356417,-1.27019878488187,-0.696745515772169
3.18919215272318,5.8024701832857,1.22309712070665,0.221473410621003,-0.374010319488213,-0.0401286002143652,-0.194810962514426,0.357680733925149,-1.62308378876465,0.00245651969406311,-0.710994179167137,-0.601379973541612,0.289089946084938,-0.109500917991055,1.22075441544994,0.920617391952756
-0.100865501553195,0.68681309666269,0.839408223079369,-1.2173076997596,-0.139010626544627,4.75132249712646,0.71904591843143,-1.04330424060201,2.52362388606664,0.962987264549347,3.94184175773924,-0.931340685970484,-0.0408013576158105,0.54653170761432,-1.19761837552992,-0.0901256177855713
3.01908903672964,6.05170650339825,0.384491756113336,-1.31208422137363,-0.873690785427393,0.00510896952492057,-0.913020805256786,0.873701618154216,0.358631058071995,0.0997037632288908,0.170351571744101,0.264460664244502,0.220004094259826,-0.0678966837882316,0.38075522192899,1.60059443874324
0.915151899537079,2.89502447317727,0.865468799266376,1.14291384059138,-0.611482397258664,0.0208428085949416,-0.897969742746593,-0.468319349777461,0.388087181891515,0.348863949076349,0.319082057439257,-0.0800876031277944,-0.111209237587291,0.902898721468802,0.0365688727536684,0.83939900901285
6.08114195564327,12.6452823509222,0.280080447143864,-0.387753719749472,-0.541659171412259,-0.453932542329896,0.225126038103372,-0.0953800000845531,0.929781121118644,2.00095578388522,-0.259906605320514,2.58276581179653,2.64087683968022,0.612337571094586,0.577768708267088,1.11996390476128
-3.11087830646593,-6.29944304979426,1.09548000562637,-0.396626841801932,0.706092668377751,0.333549213077828,-1.10725843574973,-0.475441468581377,0.178387405731927,-0.563259211721071,-0.0396152372493415,0.215682993690325,-0.608234680902671,-0.014529565133341,-1.15883826586105,-0.538230450227922
4.45012495621382,8.95675171332323,0.309112938494882,0.00190774910936489,-0.454750067365152,0.000318041639478049,-1.75752283250602,1.85978811270437,0.992953190270309,-0.0386329941845445,-0.421563629527756,0.921107351536685,1.05909473482474,0.361593085180939,0.495707643683376,-0.177193937799479
5.43393778051021,11.1663927924418,-0.00420046062006051,0.566460848752146,-0.71081809116293,-0.0764475633907206,0.196474876486173,-0.659402543121046,-1.23776714669846,0.0505407720279623,-0.824097230209569,1.64775674661541,1.86297894736959,1.17749283277875,0.0235297436726008,2.23816420465744
-0.222614543611756,0.682224159317275,-0.297781343378097,0.919593920429539,0.865553914434566,0.0364764818484185,0.99669778638672,-2.04046181418285,-1.15955476607193,1.95201346265605,-0.383614358792338,-0.847778855612936,0.00468148726162302,0.83086642450646,-1.00417643379156,0.370269779972595
-4.65485094664396,-9.93198891541704,1.06265493263346,-1.3602186829295,0.0561090809617865,5.22412821578149,0.657916877294053,0.104176438407517,-0.606006755685606,0.816704251259062,-1.09221533901017,3.4705843753742,-4.07259775971632,0.376007436497614,-3.00263837426633,-1.10728468623571
1.70982071662377,3.46007884861105,0.999965491908337,-1.20974272423845,-0.448655098458661,-0.131326188373768,0.256871490066593,0.976841085485459,0.977010762913124,0.368175675959942,0.90515811620291,-0.504911435384784,0.0950439991393662,0.439177305723739,0.911766216801593,-0.331340244959403
-2.13395319153265,-3.9818560258033,0.318183853575668,-1.12378291346225,-0.695634546081501,-0.262012555852834,-0.349737903896204,-1.09782055093656,-0.199003823816626,-1.3006618564237,-0.0681425456776306,-0.564487202236684,0.0985843402671435,-0.847866910377767,0.332890297362347,-0.384428375364213
2.90699067397012,5.38158014096305,1.31504242772801,-1.01037157567862,-0.333894803670537,-0.150778600233376,-1.9247228392772,-2.70693533085818,-0.675356118015415,0.120066606288491,-0.263983746082621,0.102017167189008,-0.0302501601730977,-0.46864783746297,0.326504120890234,-0.0766117442126446
0.638349704183783,1.61075938700784,0.107284304206694,-0.806569853818042,-0.68824896592193,1.86055193741628,1.3046681097852,-0.405470035289732,-0.793515432994923,-0.0182603250564189,1.56360320709321,-0.396773753434897,0.0316865126167074,0.470242860790479,-0.392501275774916,0.306789021841837
1.9843190357836,3.8893622112833,-1.61472959515645,0.955083110369001,-0.221847345387212,0.136694898350628,-0.34223103719983,-0.440319250106309,-0.424139396092467,-0.205110417423596,0.289319821067706,0.0369989561480509,0.116214704219958,1.59379031504158,0.39068587123753,-0.506313483628532
0.891771983944242,2.27258750975554,-0.852631576799382,0.160668995281146,-0.470917343518332,-0.0813182237318944,0.868778765912781,0.0541381509224952,0.118413594993948,1.74357717930503,0.617752119099451,-0.680453094538255,0.0542156899884481,-0.57910630507156,-1.23869122716206,0.794424382071703
3.74507259027773,7.1979833575218,1.25841094222091,-1.08336952100542,-0.47973020364176,0.827849235483191,0.188004713880469,0.0563810277274373,-0.691195467767449,0.531597671342812,-0.701910778767927,0.365949650788206,0.169753523891756,1.87468481083677,1.90851044092694,0.0257379472688446
-0.564797257830462,-0.910829236229479,1.14670006799802,0.445415184127222,-0.160027859901283,0.234452632952404,0.528150064301131,-0.506558494119335,-1.38389855404971,-0.327835107637418,0.359819791104172,-0.362766382583179,-0.16247631064934,-1.54440531454303,0.00788849702423717,0.433957891503439
-1.92623011220978,-3.85762115181511,-0.493210946892795,-0.315390760850847,0.747419785413584,0.71685752564905,-1.21236812332995,-0.775787672713574,0.65309795525176,-0.142114911829353,-0.0862346753496124,-0.579813732013611,-0.16831324627901,-0.176378818776831,-0.966226088069544,-1.7420997104488
-2.41181299301236,-4.1506856050278,-0.877354267453724,0.769817359989109,-0.353099905109477,-0.0157158144380166,-1.10389423379282,0.194909283846036,-1.17676437340453,-1.17501591917593,0.0976544776738679,-0.516202694151194,0.0865380948055726,-0.80036588431257,-0.140054693879645,-0.0496804132067249
-5.86781125257771,-10.6741050268947,1.1787316971451,-2.37258321970573,-0.549334452215322,-0.00635517560852646,0.995014487256864,-0.679683589872233,0.968013964751958,-1.71828206636371,-0.532979335888871,1.20843125661691,-1.4531446417002,-1.20957538854605,-2.23663055194549,-1.76570009438875
-2.87533245375657,-4.4538381406094,-0.953856627434756,-0.687710255533961,-0.877309688182989,-0.0827576494268684,-0.773853525230488,0.210514132237327,-0.763575965669631,-0.393007749371515,-0.0974235068527877,-0.170544260259396,-0.241941854414558,-0.0630274600944365,0.141580761401161,-2.62346723656063
-1.07790929223501,-2.20944044855677,1.35923698308605,-0.119610124447758,-0.677140667916365,0.194791429465322,-0.332533570428399,1.02926107495023,-1.45833021017986,-1.41972034546541,0.143902555492922,-0.579840822171489,0.11758788032291,0.827132261089084,0.340215181836521,-1.23389924107788
-0.725664653634017,-1.64972942067748,1.32988980957618,-1.39551388346452,0.315425393116701,-0.0479177887486131,0.091179221622546,-0.822054689388122,-0.743325761250144,0.411516272465637,-0.0461638091262876,-0.766413201404288,-0.112622885606858,-0.685979816597272,-0.161123394602352,-1.00484692367246
-1.36436542165575,-2.55172307738461,0.360701486581782,0.0440033885083177,0.621690300541181,-0.00698942300547685,0.82605296172902,-1.78941819289148,-0.0782904860145446,-0.421792234299526,4.33492560984267,-0.444214362825578,0.0172607739876801,1.28193821944091,0.10055406140245,0.0687953653452447
-5.36357068950039,-10.2073791373903,-0.628604787333964,-1.15622324720229,-0.529142381159345,-0.581030737719165,-1.16551234968394,-0.580777302943299,-0.290777594216643,-1.50211578517929,-0.429011134954637,1.92465905128211,-1.98097743182502,-0.729906016180591,-2.22401027500322,-0.253302549166432
-2.97976934450506,-6.05191244438861,-0.751244479271715,-0.170818736619344,-0.659265258869446,-0.0726214418948169,0.129273449002851,1.36746165625869,-0.33329334925917,-1.81977153838323,-0.50880118037918,0.0969020524578383,-0.265557587488558,-0.919507597450864,-1.26388782485247,-0.368038445227446
5.75780707836788,10.8327854708228,1.278887006393,0.476262147065672,-0.490167593569076,-0.053987077005694,-1.28517990806031,0.216526532402835,-0.982510112601105,-0.202235302321351,-0.61331881834999,1.81618094479509,2.086850712872,0.82603051844834,1.07655686859449,0.949181193848524
1.75238441876818,3.81322419410567,-1.57152655881801,0.686099244208661,0.148679373153557,-0.115743388992241,-0.751830309123048,2.19833962442806,-0.0301069474527055,-0.362856865681603,-0.435675839942493,-1.09695651429789,0.0609281730900703,1.24864605537093,0.556471873451399,1.3059212025067
5.73058345150261,10.3291374925749,0.795560138172961,-0.263804078387862,-0.323590037523566,-0.596760062722289,0.23622268983169,-0.560244886150018,-1.90929635328374,0.292796044787161,-0.631258270425422,1.85125996414228,1.97465194360814,0.847950004196348,2.24317515804632,0.75037072528982
0.865133799602703,0.148589399752393,-0.626286614988795,0.605133997608859,4.87679882023515,-0.00230243297315954,0.727202879057746,-0.183392667053595,0.581001861913518,-0.627430056019473,4.92801371782387,-1.02855432315528,-0.178813678369846,0.33970227334455,-0.727178575449117,-0.884922675360591
-1.08430185011812,-1.02793626625953,-1.76838397221384,0.710343626362905,0.274371971555144,-0.0436319687022301,-0.870600319683365,1.28388299358153,-0.0627577542514696,-0.968622395906669,-0.701172729432466,-0.339512473980627,0.000119210838183628,-0.583062747579304,0.074123794465236,-0.712743425727173
-1.20950681638134,-0.594906257142937,-0.886666769606497,-1.02177355515035,0.241839367036907,-3.93827318846213,-0.550279730387195,-0.471595052920572,0.16465231803344,1.99599254604119,0.355094429596949,-0.737236348160293,-0.141413819920302,-0.381997799742054,-0.200551527574536,-0.530472746939692
-2.74672356231599,-6.17691920265084,1.01207707151691,1.06642140389049,2.8581921631489,-0.912814913960207,-0.33145556090573,-0.239759667687579,-1.50382948748612,-0.783286002936096,-0.517621289331668,0.686669991896542,-0.422757398373992,-2.56799237557335,-0.398339430524608,0.010437994856148
-2.83248581889963,-5.41315035573508,0.517074751192508,-0.512089796073918,-0.0171402306127879,0.189760439847021,0.412990434483061,-0.994586845557269,0.0564091717546284,-0.926261253087653,-0.0604432946691469,-0.245063207127915,-0.00560962442845001,-1.56642970541851,-1.58868343989808,-1.02535377112541
5.37327510708979,10.792943999277,0.563076552374721,1.26901435082838,1.17545274896529,0.146714046528705,1.34759315514026,0.334829345332733,0.276536019066287,0.769894317791089,-0.34626845651602,2.26120325198128,2.46866635481212,1.58001065822368,0.925355636172492,1.04111209544885
-0.917652372580473,-2.3483483902825,1.26306109728074,0.183907455568033,0.365391794290408,-0.111056913181487,0.659707406288749,1.06873966862512,1.53365295972321,-1.1574757216912,0.0977366789571456,-0.286215233236242,0.0291655987007777,-0.0748008437923031,0.350098046793905,-2.05293486727795
4.06469316833987,8.19512044420689,1.80409505478666,-0.653272635858087,0.0948428768488305,1.97815555139479,-2.03412076599682,-0.483992908768809,-0.0532103608507016,1.03657456206112,0.0218976262232185,0.498181706826913,0.556156065103551,2.56091808352851,0.987116076507721,0.200777480134915
-3.24371622820778,-4.31983106148473,-0.259070411661998,-1.23147709117119,0.0775511880344574,-2.16655032622071,-1.81645951313692,1.42004743933486,-1.1914408113907,2.18595847087003,0.487685367625146,-0.30964936722332,-0.382216245666293,0.121904009074206,0.58989042410674,-1.54872565874885
-4.71527633195218,-8.77668418062129,0.819710432706462,0.203302890244302,-0.781054084105514,-0.392485719941611,1.05165054243328,-0.38768154252272,0.205081724425799,-0.53030339904185,-0.747877189630371,1.63156693109715,-2.05196139730983,0.415191372587759,-2.52442488230385,-1.11772215015636
-1.10794069644699,-2.21990567348718,-0.800390231552027,0.867410442974644,-0.563395650479529,0.751363612950723,0.454708783823418,0.580673960132933,1.16313057071814,-0.700226512926309,-0.551482867221415,-1.0275162206859,-0.0277751230106461,1.56681359657013,-1.23217082969857,-0.645349949454426
3.20612408266325,6.67659692092518,1.16146451164915,-0.32939180686814,0.818353021035731,-0.0678826663113749,-1.1800092226836,-0.595694047956083,0.0993591160613146,0.815721039195034,-0.0507790941850388,0.14484822844772,0.0471634307434862,0.584151801136489,0.18001392632993,0.0737648342609819
4.41447992322697,7.58923870959552,1.04546300372531,0.175245036820438,-0.886390896425394,-0.0756986670660039,-2.58526011785442,-0.564777081883709,-0.176139829997614,0.145612096151112,-0.131511982513469,0.055824147029706,0.218448819487408,0.487197795648155,1.96664048496153,0.675653993628493
4.82697934233389,9.70444381231552,0.498670164058906,0.435147654104266,-0.51261113436257,-0.396880615566406,0.772873442773017,0.00325218783786614,0.694653041870197,0.768010507158733,-1.20775217845114,1.49022829867531,1.29832649422155,0.291880205410526,0.246110330095205,1.74580651391284
-5.23384635679503,-9.91287796834382,0.846048982507722,-1.87541459519529,-0.667109960953216,-0.0997590212101343,-0.945294979072023,-2.24167103038833,0.21403035779521,-0.967954745632542,-0.456117622700528,0.998572079285099,-1.76276631973742,-1.34686692159819,-1.05059236955087,-1.48537115604786
4.77493335446288,9.91187420274825,-1.05474750423252,1.00631209792592,-0.53103519410776,-0.0811907157620219,1.51162534179777,-0.270168019499963,0.140953110977994,0.150613634110145,5.52207835778262,1.97320909021133,2.13284821214288,1.44047571876367,1.47880116091015,2.22424136749579
-2.0400519954165,-4.26837315991485,1.55329893752426,-1.14623529611208,-0.242843845039713,-0.122255918036738,0.33913811705748,0.908858281015965,1.02268100295284,-1.20061205705067,-0.680084887358841,-0.372089692476422,-0.0475175438851461,-2.35287851147355,-0.25929744834493,-0.883133798052184
0.497263773297851,0.884835066205526,-1.61590829117639,0.629553510674233,-0.407014863798708,-0.044676810758769,-0.228283064366613,-0.628116099322543,0.0286205346815978,0.452269908371506,0.159469473133016,-1.44702888199676,-0.060935758054126,-1.2305151554799,-0.331994168919638,1.32287237265607
1.08653197740382,2.89930654620778,-1.17843046930384,0.364123480169302,-0.316656924559361,0.083412478545043,0.75704842452346,0.00341298378074176,0.786516148088321,0.785409158319974,0.295860905644931,-0.482919547924961,0.0751051009388153,-0.332478095346521,0.337908696728039,-0.921835193537507
-2.41270708637147,-4.32811149276871,1.31751297234036,-0.758309053311623,0.663905667374858,0.765253379041109,1.01132757859821,-0.224670272607329,0.0355280238759595,-0.944688684780851,1.7228197108069,-0.402914426875811,-0.226579817632779,0.407118585990292,-0.335093362465075,-0.637113631034562
-4.6968280763298,-9.82373090849964,0.576197643173386,0.751077509286747,1.77369720772426,-0.121909390894427,0.160829452806993,-0.473878966133972,-0.990906311327874,-1.34787807430341,-0.936419550672351,2.50232790606589,-2.1334014382354,-1.20524219880856,-1.57837163568248,-0.253478738853024
-0.679738615975191,-1.64275719317253,1.17275476069936,0.19023410246578,0.172729454259322,0.358055834483978,0.190861016589917,-0.757697904667296,-0.387529071837206,-0.640700499404636,0.158430305057902,-0.625677504592596,-0.035375298782247,0.126643867569397,0.0504256874348377,0.882702441135516
0.562511526752963,1.22932527094112,1.37491190656861,0.373218322641485,-0.0719547274403579,-0.00527370435409649,1.41529809820325,0.151331891363263,2.11576735672611,-0.414322410807872,0.387094415876924,-0.896278874166877,-0.312451295389646,0.0379972439887646,-0.906586789874774,-1.29659529375276
-2.50342284454689,-4.99700243908031,0.0728396210854984,0.0902129030058745,0.395223678408976,0.00794562971727704,-1.03847569568545,0.397724825043677,-1.26950018250965,-0.728673238078113,0.3982416499238,-0.678042568306431,-0.168190717264127,-0.286140595236029,0.0923897312916806,-0.653901601143882
-2.1415300781812,-5.41009943036039,1.32632462092282,-0.154901490997006,-0.867243237254099,-0.130688933495777,0.732434530936335,1.32572095639556,-0.99928665811645,-1.82100387932578,-2.04674847431955,-0.122758149813494,-0.316705201508924,-0.741920710043707,-0.873969201809913,-0.348893119738274
1.70091040668021,3.3365318602588,0.716864934248908,0.151064844106323,-0.391636839957747,-0.0864096898422022,-1.47336592702993,0.17515522409359,-0.937964001682261,0.0296431566550368,-0.000395494987974259,-0.51643195740334,-0.0570390419284331,0.888754530175476,-0.441691308990719,0.455082239891516
-0.644543349719317,-0.774981430587105,0.104250323049562,-1.12703780203659,0.973297615386861,0.0579722577160295,0.790007548387308,-0.626706043594255,-0.57454854021425,-0.569176503276861,0.939764055577201,-0.946624321499363,-0.146235699029053,0.744980149688613,0.474193869560702,-0.609496228854586
1.5360780805022,3.27369103720962,0.212256504479501,0.0502627155608461,-0.178512291194512,-1.22024115212556,-1.32300675036092,1.93881427091871,-0.751549468762033,-0.0200293634945804,-0.356907595085994,-0.498090815682246,0.0359876491703879,-0.124894720306984,0.826908522904701,0.889793114833376
0.00258280138443245,-0.00636037812693271,1.78219442208219,-0.0230383109765437,-0.699554460078725,-0.0768400773919848,0.372037297166205,1.14742560526914,2.27537182499158,0.305236373773427,-0.00290592691604094,-0.974144069754607,-0.0413191458772448,0.0733466785081036,-0.237687348169478,-0.313610428269636
-3.70402135628873,-6.21012813080429,-1.45694098945978,0.432832247359748,-0.823468206087401,-0.09844051236362,2.00238486037379,1.02780075460023,1.21196739750667,-0.878685880918598,-0.251200633422448,-0.0694767746288221,-0.224795032642505,-1.35849166770268,-1.24482916544126,-0.331167589843914
3.97613580839941,7.34782771953634,1.90209230548215,-0.801322726325634,-0.33470299325835,-0.0488090976992924,-1.80005648304672,-0.247121023964098,0.410102754410668,0.268049899381438,-0.121355082694587,0.369788113378698,0.335714660759991,0.477908862779396,0.518567451697147,0.695506411162762
2.88116530305727,5.43506623974161,0.421704483362266,0.588076845983983,1.78085020706187,0.193457501267131,-1.1222283116641,0.301657175679233,-1.60509582639858,0.712297435899292,1.53555662563783,-0.423248730992643,-0.0375939585728382,0.914271889684544,0.420174848960428,-0.364611340218292
3.0544478688352,6.3152543859457,0.886450052876459,-1.07682432718746,-0.449449672002579,0.387211504561627,1.36948903325961,-0.473252321507642,2.30092053288451,1.08950101625769,0.493497023010814,0.0770488820807221,0.0858189167721709,1.69871088068119,-1.00056609820445,0.38455553338835
-3.89609572807902,-7.82417905391093,1.89006443998216,0.61116478370148,0.091158981444394,0.320810601196462,-0.102493306465294,-0.918961435499081,-0.0923390703256216,-1.17037297415608,-1.31846214191689,0.502070518829345,-0.778279438538567,0.268899074387693,-0.671578170254931,-0.472804687193444
3.21357063482845,6.01519618738495,-0.731215776779785,-0.607923858622536,-0.514335848289477,0.00345262568188756,-0.87333346143418,0.864116017245914,0.390891563462457,-0.0850644107977793,-0.0479780837315829,0.0378275678953328,0.236009080213632,0.24622141107904,1.38569832754689,1.27786450109304
-5.1621973591487,-9.41395218381848,0.593618822306551,-3.24788442609089,-0.665827455093415,0.00985525542956044,-0.986179579255796,0.858248603365124,0.135199019761938,0.293960089379954,-0.519190918556745,1.39737109951976,-1.25211253498186,1.22654031706008,-1.63701041076639,-1.3682441070583
-2.30535284337907,-3.62314528754124,-0.920521482433985,-1.01656761996978,-0.250473322361376,1.68630085519319,1.39177297738438,0.392775411739662,0.0372215041482661,-0.316480305319837,0.274802239203186,-0.199224416800436,-0.0402649298863436,-0.628689524209268,0.418739334140036,0.536466116619278
-2.9875786910501,-6.70614193039687,1.2248188236459,0.142765350520348,-0.598859761277078,0.110090151999067,0.256072231374859,0.116812408822377,-0.278206828223173,-1.31683404828246,-0.217131869238578,0.49040839244664,-0.828269431701055,-0.235926372525773,-0.263608027922616,-0.183658992863933
-4.87953807173131,-10.0697814496052,0.0613543449641003,1.21024554896373,0.15106431744308,-0.103271899509404,1.69781626411169,-0.194061938275045,0.533566166745731,-1.40211077164445,0.539727747186041,2.93266232961215,-3.02905427790068,-0.41167498589049,-1.22211595823882,0.577180821948764
5.08077234025978,10.7224716015461,-0.0629069400578901,-0.729338000491515,0.490592527023276,0.0807103051429832,-2.50230613619729,0.0528640303795883,-0.521264184403063,1.60290250093386,-0.699354382230106,1.27214626023189,1.46278336541806,1.12600236952017,0.553800755592216,0.484810508518772
-2.53039315594066,-4.31784212758609,-1.71285646846422,0.656467237596445,-0.0791179339220434,-0.0844765092036415,0.550818193386674,1.92161207385677,-1.21333011438693,-0.810288807956726,0.436396773570707,0.333600109059065,-0.272676289770061,-0.346396018075017,0.0539146764753759,0.27573920951172
-1.32064871207974,-1.75130672081973,-0.754510953399027,-0.331723979038239,-0.632450094708303,-0.0517471826230826,-0.122002480317279,1.86686320773643,-1.20674455813941,-0.0916710851820957,0.261365799610407,-1.26240883824068,0.0825499808519165,0.898009401192579,0.52128341887898,-0.622410332556523
-1.08388963821924,-2.55146939485536,0.0958317523620665,-0.427960656717001,-0.723178979644437,-0.142725167043708,1.53889546892934,-0.607111534600301,0.667955351711002,-0.682957702145468,0.740854323585763,-0.593442527345723,-0.156191966054739,-0.50880664231797,-0.435310555286709,0.361536656910775
1.88080906303755,3.66759287456506,1.6653937722558,1.03905550041047,-0.630853337999448,-0.103209630793708,0.283134041852551,0.7517906815814,1.63619105101497,1.18979541494142,-0.236538530387469,-0.558156034305195,0.0897669934526773,-0.192303643262536,0.0615889889095734,1.49276992847048
4.17516350850647,9.87913764171446,-0.99291923389093,1.33469023385454,-0.526931936754542,4.62920141953498,-2.43600038465211,0.599948725306996,0.536608987591882,2.04193228977823,-0.715209668163323,0.705108365244965,1.14047883948439,1.15801038274787,0.48385648855009,1.63413247020016
4.54916989478783,9.4307767348381,0.580621121163491,0.556015705416744,-0.654152369310382,-0.0233673474938203,-0.862512051394283,-0.841983215590259,1.13494173470073,0.583584498035654,-0.515088814294036,1.08997536597107,1.39035576248528,0.0194910784267586,2.17063480661119,1.87553309055807
-4.25779259085577,-7.49340221509431,-1.07388443190614,-0.660758722648462,0.447479748313444,-0.0508313512009357,0.2223649584433,0.555590448436336,-1.59207007003187,-0.63784454467521,-0.0684143789796483,0.608112542326018,-0.486772125171752,-1.81249175546633,-1.21347741017313,-0.993270742770885
-4.33798445172688,-7.92761237364901,-0.654487260310802,0.536354702192601,-0.141701734158509,-0.0687445009875723,-0.114784734701692,0.262853253770043,-1.25885730003402,-1.28295813919121,-0.428314256219598,0.257893666780755,-0.603525122065603,0.29067801084482,-1.17721175772749,-1.84790803102156
-3.69706886969945,-7.59501501521042,0.506124659064151,-0.822311678243942,1.13813663207181,-0.666347865391422,-0.119041439625609,1.78046549998822,2.63334432050986,0.411498874229208,-0.190379171829398,1.06782765117403,-0.891195167934723,-0.559142563339036,-0.718385129707674,-1.37667659140041
-4.27493268846024,-7.41513981804331,-1.70489618658867,-0.9511423614982,-0.55289212168093,-0.430867598126691,0.786972428428767,1.10848324543887,0.545793676251237,-0.47431630553599,-0.165673621216597,0.621833023879061,-0.552942126968357,-0.766254249553795,-0.727311386782219,-2.00717689168606
5.41861743243119,10.2827099876413,0.629093855505281,-0.927432103596314,0.291314575653764,-0.0177791947769033,1.17837945326414,0.0930523811038377,-0.474247483483285,0.306985919385504,-0.189412372149734,1.96238460740659,2.0168026616816,0.0482158390462009,1.08248673209359,1.79309143425929
0.455337485361372,0.840351191156749,-0.0628482572563143,-0.96864437555896,-0.539064894825589,-0.0921765251529061,-0.32745021775662,0.161925801910816,0.701886095298335,0.493674013058241,0.174206439538066,-0.690295888631731,-0.376128239826512,-0.0775893192826902,-0.732178269063354,1.05058752007465
-3.32281766149862,-5.59706740376051,-1.57290966774937,0.527460043895633,-0.595796834515431,-0.16544441752513,1.55344702188678,0.579511971259317,-0.343862816964123,-1.12263381340996,0.281097643658475,-0.0732984741414373,-0.293882548150486,0.448540951692181,-1.63431733703859,-0.616248097270976
-2.28486338831934,-3.71321172839907,-1.40020593979346,0.843831695716042,-0.726713762629493,-0.132978905230593,-0.206731935482026,-1.26097372498265,1.1255838461441,-0.803001098163692,0.039329459925512,-0.0681883395845285,-0.20366786908458,-0.147911295674677,0.702135039783909,-1.58355140795442
3.72722923394081,7.04336742487038,-1.56599467255945,0.143387237476392,-0.641446340061299,-0.0308793466244722,-0.246039295155253,0.967666723810559,-3.54527053931929,0.876156556524947,0.418062417477369,-0.16586757003317,0.271723521452745,0.561031927548924,0.3810811184787,0.602804860150624
0.164403723969657,1.44339465630157,-0.638006999254591,-0.723670958533152,-0.71744914700274,0.319272264048368,-0.25902276221618,0.206442861454949,0.750072759951574,0.376206697323355,0.1127093301563,-0.294913194264181,0.0165790387973276,-0.0587117995973204,0.201031386597962,-0.468743836568521
-1.40253398416757,-2.01648309070218,-1.13259026138603,-1.18591557826014,-0.723383469713215,-0.89209023267292,0.789539425999667,-1.0366905885221,0.758622585938043,0.783545923943165,0.105835241986162,-0.788622529143779,0.114810650270865,-0.0617230108210646,-0.753171795977962,0.24551539357118
-2.4032964784621,-4.22894824557509,-1.21301707990689,-0.0529373716650872,-0.00529247080079212,1.59135755211882,0.218577834832439,-1.1146911782428,1.33463023796956,-0.747103878051416,-0.129536214725951,-0.8267507592708,-0.179470801094045,-0.219359094132769,0.541719459860075,-1.75326414238436
-2.32343477903433,-4.37743099765591,0.792593393788347,0.0968148713711354,-0.348962830267175,-0.0780597278370292,0.758856896808494,-0.253377409725769,0.759389723957147,-0.58065699438904,0.246855307876567,-0.146869228601782,-0.415855464869247,0.2514923894588,-0.363648249345777,-1.0077603551734
5.06025822816148,10.0717635169451,1.10739019324827,-1.92266597891878,-0.71963465132884,0.068236385539984,1.67093288864024,0.907165782742306,-1.74746066033518,0.767159774338579,-0.87656018844701,1.72846318279605,2.14618222401039,1.31395934997817,3.34025391608808,1.52605351677827
2.82550215066839,6.02472402838288,0.406021214197673,-0.304516396929185,-0.735157145971264,0.0132467870934156,-2.23258240110276,1.97597896485582,-1.53451599085007,-0.0321068881440883,-0.00531055591019088,0.0909752980725631,0.046544863373111,-0.237734412060591,0.163030691267932,-0.651547826656964
5.56525151865442,12.3059098911558,1.78974058805083,0.721343572466507,-0.427105175777963,0.476460778890609,0.206746800720168,1.75948264271799,0.354643355392456,2.16285017343698,2.54984636473103,1.89857405438512,2.18678678633272,0.393283245453464,1.24728279687957,1.37410804748542
-0.836252648476267,-1.82040902924186,0.834462490578404,1.21711557222957,0.406106109796781,-0.0243134156377723,0.478110574243192,0.0129855854027034,1.16659981376137,-0.791650578103961,0.286839425840447,-1.02605034580008,0.128119440968881,0.460655038444348,-0.490502656151872,-0.102425942646992
-1.86534146127532,-3.17336298833556,-1.42399015034835,-0.434947559697923,-0.75401722450862,-0.0727399333269655,0.195511565373166,0.602130454676289,1.00575408663904,-0.675693897651494,0.0812412958818593,-1.15428881941423,0.0609854777265086,0.431888839763477,-0.70789896446114,-0.906416213795958
-3.34763168677236,-6.12774857605219,-0.749258175577379,-0.3204297974833,1.59300261339718,-0.0266845358315995,1.07555232997322,0.564310212905222,0.680900463601097,-0.919391091804685,-0.155513469681791,0.27570894153597,-0.191545739009078,-0.0404060436185316,0.484228604685175,-0.704017024031031
-0.817472870451254,-1.5877128386542,-1.31252425522133,0.0203122072809811,0.0121899511577582,-0.0683453686004367,1.19083946090974,1.70214792857875,-0.0455735854503902,-1.36090045203998,0.0736091738117328,-0.639598390875965,-0.143527282704153,1.60591688986931,0.84497679952167,-0.716315482033362
1.01593912518113,2.38150435669956,0.243049020444305,1.53838982763939,-0.454916583460457,-0.198876646914924,-0.187068229671423,0.498159444689313,0.290161870353053,0.0176442111905718,-0.545931336898367,-0.827984203186681,-0.0625453545476407,-1.72880698775821,0.771799516167562,-1.14540946843533
4.60078835851409,8.76430071486496,0.765041951849733,-0.614401409174462,1.56551178185002,-0.0360379064522105,-0.948336875439615,0.498112749089047,0.634897566443503,0.599677652555803,0.113636614655863,0.663827172433973,0.68343910098466,2.24071653450844,0.770876961794828,0.146973963403935
1.72249312751202,3.50169155922433,0.394776480589601,-0.981653810152104,1.12428049627317,-0.177257913897372,0.239491818993542,-1.2078472058414,0.204878296254398,0.503125706107295,0.125942780418979,-0.550471161549312,-0.224466071366538,-0.00217169694923176,0.304766923232417,0.781604673385246
0.901993568704606,2.29135932925255,-0.551768915264179,0.819048164879622,-0.107985443783876,-0.036366055497687,1.90846333940948,-0.18415528960214,-0.242134270297121,-0.577781222965839,0.254832471872097,-0.377842979974843,-0.0133037199891113,1.41824271538813,1.52979773574119,0.279144558334106
4.09500824512289,7.83822640899144,1.21554442276747,-0.358350412358653,-0.727638945110519,-0.0645651438635883,1.17906705058999,1.49972626886138,-0.611140778712596,-0.174285490894563,-0.49644408001361,0.463987517585323,0.377934809493135,0.770771729102409,0.673721112372368,0.768324411034815
2.60473340375888,6.09210872381081,-1.46219635213189,1.24760513330201,-0.204451473938255,-0.0457185329202995,-1.36158558964051,-1.01008681071324,-0.689575635529509,0.35466686513371,-0.171181382975201,0.295285752387163,0.391536046229071,0.344717596561991,1.20481548108112,0.406513275821392
-0.244911639730793,-0.191333054139467,-0.907088773628645,1.10697730604994,0.238258587763066,-0.111373118751634,-1.4518750534353,0.542537377227447,-0.256403307099367,-0.782569195806185,-0.0910485572249097,-0.930106651321227,-0.0995898732970173,-0.880072913874148,0.409461457656141,0.373050487577651
-2.42997532157613,-4.80487328845617,0.151976695782763,1.44548591291089,-0.540834685611797,-0.209889509802226,-2.64157210100943,0.994595799825625,-0.737533542071609,-1.15069712950051,0.446467009524103,0.0263974940468462,-0.0920461764835426,0.19388482322207,-1.1448671076049,0.0799611379292352
3.88768004254408,7.4585870355109,-0.624953954024029,0.259191295294411,3.29933678526572,-0.210410471104102,0.86894097308922,-0.249433205569297,0.576336408037017,0.393509762700458,1.34119601463499,0.105103692661515,0.3624844674277,0.537852396487003,0.523559676575634,1.02040422416526
1.09212924349894,2.12746742298656,0.850799218804044,-0.837002759192619,-0.67280373907459,0.142773698442994,-2.06210023959688,-0.971846712565005,0.728413045265035,-0.208445923145748,0.104036725182858,-0.615156446549713,-0.0502680284724192,1.80399706235135,-0.400523060889326,-0.0935384227867953
3.95856855707575,8.56104192626859,0.321571357119354,-1.70384380604327,-0.410447885517708,-0.079095085718997,1.28132197518429,0.482143165302679,1.45926810229434,0.502426651971765,-2.61817205822067,1.79097935836863,1.36874149911453,0.639529073103175,1.00001274780825,1.1954093233509
-1.12127700535236,-2.20660392934842,0.154513913982668,0.143593538677908,-0.64301259032783,-0.0527797319824133,-0.977958957356282,-0.909733343527747,-0.176781199779428,0.215574888898551,0.0432208352622755,-0.0250161667222742,0.0907183740838316,0.385561848536257,0.646195460461591,0.180954241926502
-2.29533740904182,-5.69314668091533,1.30034234310118,-0.0273307361382932,2.65794632804616,-0.100935853227809,0.688493959134224,0.940006436420875,-2.29652492932047,-1.46222342776168,0.249182510679447,0.375416348961973,-0.331930183280233,-1.42910824985998,-2.55398779970265,-0.108301556889045
1.95053991820053,3.86434467389375,-0.108191200714872,0.911027507929942,-0.814686654998054,2.6975970164913,0.39041474923858,1.41945905178615,-0.602714164048415,0.965352040977331,-0.00263846040711026,-0.445421049083785,0.0815271269853279,0.853060635450495,-0.73829978836531,-0.757596454552263
-3.15546376012568,-5.32818621888358,-1.30283459706383,0.990387650953255,-0.95170130273659,0.175534547631119,0.407172317198079,0.205191170703514,-0.146437929722698,-0.957816439453207,-0.110183529146569,-0.199401892856904,-0.197594670074187,-0.233843500803082,-1.02634866108282,-0.504503074997002
1.97697705272674,6.08446244024545,-1.91066384518787,-0.794917996447484,0.726807571532207,-0.0157263317811623,0.809135963873755,2.00649315642145,-0.860606110958241,2.49475176076883,-0.0221024650372509,-0.749503574276627,0.0735168505232252,1.56863124772763,1.0178664798649,0.571372528916368
-3.97440573733228,-7.3936170921558,0.95968147389975,-0.341589886768835,-0.202767461151667,1.58579250537504,0.816165434514029,0.849031288811734,0.0861520999769515,-0.0394522365418086,-0.741159911667899,0.994224117008925,-1.45262231921278,-0.414526283250566,-1.36954063750194,-1.63310881116908
-6.41913765612578,-10.9083236193471,-1.58281108627047,-2.55114084886855,-0.304765177626539,0.952080548181827,-2.85009198370988,0.218419771444559,0.263027415849002,-0.711843148509467,-0.699276288298136,1.56361478333495,-1.58261923684497,1.67552841137861,-0.666188873235318,-0.986253294723228
2.08373173400152,4.38471741162473,-0.241890141050707,-0.406448776560332,-0.351581174993584,0.324784819437016,-0.149790817949537,0.688666248092032,-0.617128904918765,0.630220979988526,0.878981243150005,-0.385359536388892,0.166498367851208,0.513419021241063,0.786078355353872,0.766267238152413
1.83540819694656,2.97360730466721,1.18938746064072,-0.585117386195609,-0.128272243334165,-0.12188219852344,0.984969447084781,0.314467920570759,-0.104474568444022,0.917893901475264,0.383043478928355,-0.333252624921983,0.126166977503131,2.40724429775377,-1.19349412966152,0.178789907531896
2.12705354934234,4.9110285089631,-1.56859157327059,-0.222003437251532,-0.663989794348744,-0.452308608764577,-1.27439448993804,-0.00176161148312525,-1.07122049346216,0.87175897651337,0.262775705414005,0.0352840714903118,0.145699376670157,-0.393798721024466,0.757826800227063,0.844918238625777
-4.61839238755525,-8.93359359885506,1.35563456474053,1.15061494631978,-0.370993869464696,-0.139927180193496,-1.5536459821582,-0.952396833159313,1.05174662534407,1.03942305776826,-0.674842384045972,1.93807614222068,-2.28220404942934,-0.150355086858889,-1.06875075956765,-2.13220972801623
3.27641467526155,7.1443620032188,0.277284629588353,1.01663803363576,-0.838511550537073,0.012422621966149,-0.498327389955405,0.307405398445169,-0.102454262327411,0.0790803898991271,-0.272870698975306,0.467352539024851,0.572869542981611,0.367488200727519,0.391903375979681,1.79069540042355
3.64379595565633,7.15326736302319,-0.877725511819514,0.297240524887695,-0.633673358902493,-0.0840090358400027,0.900095903943756,0.975931461409965,0.620810752680492,0.362605305475792,0.16535594172801,0.594194367784753,0.17555369760097,1.34698265083677,1.7788657284948,1.44788008129512
3.72624955608528,8.30590158199931,1.08934911734337,1.07496827108348,-0.497306767575712,3.98977715041911,-0.395897521461657,1.24305595881272,0.812641292587007,2.24226809552187,-0.369013326528298,0.086386824989147,0.277990000128412,-0.40662417968439,0.332946784562315,1.11920747730807
2.40926401666253,4.97555954134419,-1.03338112781665,0.172590118669491,-0.861610888334093,-0.0130655869776264,1.7968655139356,0.82308707527239,-0.493612399662061,0.586662279927111,-0.127445174260004,-0.488477394045974,0.00983605221836415,-0.46627901241287,-0.52862877818542,0.609715781432761
5.66411661949456,13.893102218368,0.313699324124561,0.848870471696148,2.62639619332312,-4.95163015374057,-0.539824216105185,0.771720591416387,0.732998155883743,2.68096371540167,-0.49998722148944,2.79864960896842,2.60242076619227,0.768457722393139,1.10910952340539,1.86703456788953
-3.81907812239923,-7.46271166053954,1.30456178856979,0.685725120403964,0.3859596169477,-0.133319879551909,-0.229134128488776,0.0475836908015722,-0.808078769955993,-1.00294089088197,0.051793212696237,0.773780244134646,-0.887429981363285,-0.332181663644065,-2.8489571356137,-0.627099388554386
-1.6262817816191,-3.09083751968444,-0.644749331879095,0.369897105498144,-0.627882158202431,0.0197510381614625,-0.787567269021892,-1.59733304554188,-0.642941782241155,-0.69289354100185,0.241208001053438,-0.424584574114043,-0.0391608839935345,0.135678104704357,1.10190967339525,-1.11331650282437
1.75591194916225,3.6529598140747,-1.21996100305057,-0.517528050884669,-0.756727659750196,-1.89071321086518,2.18722031350132,0.93329512322028,0.926192853773743,1.17234945563101,-0.022207494928723,-0.406787131245925,-0.0337211288782328,1.46559837661803,-0.460429461838786,0.221125275015755
-3.31610521299238,-5.84357771248906,-1.93813787539245,0.390539090901246,-0.502535927093132,-0.0928822168369563,0.818303016580344,-0.281967988626931,-0.778528281655886,-1.12572008936789,0.471212038739888,-0.656585740388056,-0.142302337831582,-0.308633261448053,-1.02092393367215,-0.104247018932576
-0.309144870435927,0.101238834526356,-1.18824284664569,0.305925920500638,-0.607782237956421,-0.25600054872181,1.86378061706014,-1.93567225156289,-1.81931596342752,0.65870705348422,-2.57167960899906,-0.691372190421672,-0.203062071753039,1.5982809324722,0.587131557944563,0.517636670232752
1.76108073727822,4.03553144538887,-1.20549108459694,-1.03910860329628,-0.760658688971633,-0.140408787810794,0.183280911866945,0.401449943535708,-0.237033015141254,0.11554768495463,0.525867434669134,-0.816906393606892,0.105641948027138,2.32981347735619,-0.165917494907292,0.995352383551883
-3.52135051563715,-5.97220721501159,1.21906901717895,-3.07256851454717,-0.525949206183447,-0.086817327431775,0.56981974521609,-1.20876100902831,0.760851760707331,-1.05352270380395,-0.260609270756077,-0.80621678072081,-0.164576119437443,-1.08345085635642,0.339679905720421,-0.923538891664955
1.15744278927947,3.54228812667865,-1.66965617713332,-0.0911505150219406,-0.239531969213306,-0.112743288669153,0.0364838557863175,-0.30105262557705,0.930371136875919,0.164794275570853,0.270909670017965,-0.428275208612019,0.0870265297508924,0.51659113576195,-0.309136634722538,-0.217809180938147
2.02042632659362,3.86618485471303,0.553606189839258,0.305240652268125,-1.00055052897069,-0.119477377254181,-0.146975898209317,-0.321856802727723,-0.00394084648365107,-0.296451461403757,0.494990014653827,-0.10709985283345,-0.219622431120628,-0.178177735732458,0.715517381425188,-0.119047862195216
-2.62802643984645,-5.09387948688394,-1.14974660617804,-0.505546951765226,1.49015538979061,-0.105160991522257,0.765936327010407,3.25090993873493,-0.540977702699471,-0.502252073174998,-0.190617119858038,-0.0988930699574423,-0.0881430288205962,-0.200590383403969,-1.26558855666022,-0.441596070281468
-2.98903391323033,-6.04597464357,-0.473310745420783,0.331807393714695,0.117872638621655,-0.0245835586575019,-1.27999063323746,0.25536353777021,0.997943498563159,-1.42310778036862,-0.0341765372821574,0.141277085254156,-0.400281565930571,-0.787535304629229,-1.44078007145455,-0.246428059235033
3.06248280071617,7.20177492269427,0.928750077489548,-1.8001399751676,-0.0494106886832046,0.685021643360826,-0.0331965277194163,1.54246961670235,0.115093429661991,2.16500113440129,-0.736763296148644,0.0191100844311256,-0.106715318360829,1.04550403403661,1.49184785903807,1.1230662281895
-0.314157015233158,-0.494481870102805,1.64917976865088,1.01823923252919,-0.784655809934956,-0.821772296276077,-0.313244715019109,-2.16542952272565,-0.299231342047295,-0.338423770604319,0.272544728317512,-1.0077756818671,-0.248417899027827,0.0732186402298796,-1.17937334491352,-0.41826813148735
2.89792492369512,5.22484521478198,0.876829964351498,0.245904195256055,-0.914205985624002,-0.0246617517165319,-0.326682187667385,1.16775475737686,1.05009282330499,-0.332622804148703,-0.109920345025627,-0.467800022131402,-0.0369261817522972,0.110588160967084,0.0640709468386834,0.365719828202642
-3.15771269878255,-5.06779982859636,-1.3089711771744,0.221426644921418,-0.200806541184869,-0.605262504054196,-0.862862328761549,-0.30493690344611,-0.151821776226439,1.05054921813159,0.441915085305613,0.147719590969452,-0.203763415724715,-1.53527656795207,-1.69219118460199,-1.89618190291511
4.44575690455315,8.01478890886168,1.32976474777551,0.428926254976115,-0.68839426572924,-0.0659639624803786,0.541722120208997,-0.0390353934099151,-0.045870684234563,0.460501858135137,-0.509993416611715,-0.18318835334834,0.750265652338134,-0.218438295464744,0.881446849979431,1.59273211381382
-3.79790218864827,-7.01324177515693,-0.105285318706261,0.666821033141005,0.557125713099537,0.471511537637972,0.468229005413742,0.560207963323131,-0.862283963882101,0.542837808674631,-0.409051588737743,0.42435429814722,-0.503856589889232,-1.59251740830519,-0.708516125313996,-1.36673745902433
1.47051123162004,4.95729260126782,-0.144108403807098,-1.91522680367336,-0.771413685400699,-0.212512509240633,-0.995383147369155,-2.31951758800833,0.138605878514616,2.0249424856693,0.319698080322523,-0.315493158419544,-0.0170865442338824,-0.734591491202027,-0.0460967297292139,1.209934665606
0.85359110290426,2.47415474969471,-1.61329869665933,0.827797532853198,-0.333880644457849,-0.44148626186787,0.183039049509839,0.764309772743425,0.0867224531135844,0.593680955415037,0.358884188855373,-1.16233140502867,-0.382379683406793,0.141505333331191,0.252379154572494,0.721556176179124
0.131858505805384,1.14459267478827,-1.10655570352222,-1.18885915969306,-0.716750877547767,-0.0421426440561257,0.985516739020373,0.448021694644247,0.781595945015505,-0.421388221624892,0.693578829689891,-0.837651256887421,-0.100613526680564,1.36299540052642,0.0754794844973808,-0.212188627384004
2.03488716542801,4.26988687078317,-0.362656214923601,0.542226743416318,-0.0870313050776564,-0.283174289259259,-0.949007698597977,-1.21878132120861,1.00004229494546,0.840149464291283,0.583264071821142,-0.474958982495559,-0.0700470854017914,-1.85818541057881,1.07835649385247,1.6322955307635
0.895762548551997,1.99108019433314,-1.12182254652429,-1.23613397382654,-0.491419097473101,-0.0166660582052737,2.23203829819004,-3.47704942062395,-2.44674719190844,-0.0770927297764758,0.227011989642548,-0.866378993301242,0.103681587111437,0.443697375454166,0.363106487487738,-0.379339918770866
-1.63480833010814,-3.09196938989393,1.51678442269764,-0.0803577144837902,-0.50996337975852,-0.123437736997764,0.310501635454197,-0.540244283802883,1.20590351428579,-1.00000703981468,-0.51444390474664,-0.504872695981971,-0.159372666747056,0.0481613944986192,0.504420172568528,-0.90860676696641
-1.08273338735278,-1.87114787987417,1.6131050913176,-1.14463934856348,0.329025496811259,-0.0791377244195402,0.251955361409543,-0.146566425600468,0.0837367316578469,-0.69015090085645,0.2412605310711,-0.390996643488686,-0.12395807781936,-0.982861087617811,-0.368724294712716,-0.253907702482548
0.907145195490451,1.99464667596136,-1.64700193908249,-0.881979695826727,1.26223363635075,-0.0742795873960423,-2.79566935320141,0.218895353872433,0.232590887612851,0.225728680930472,-0.0247153036113191,-1.0815207724395,0.046632232116394,-0.763939306695012,1.08864785997192,0.337717416730646
-3.78066533402593,-7.5248975623497,1.73015975074992,1.23416353075489,0.537862446955747,-0.0561611083905517,0.720827765924939,0.439488553456957,0.3383408617488,-1.32173343225134,-0.229680231817886,0.426254952635873,-0.784991001759065,-1.82067529373874,-1.71846067643584,-0.787156569475687
-3.00927159328058,-6.40218320433685,-0.787796616899887,-0.581530768597666,-0.32116082870446,-0.138400264698056,0.257097306218894,-0.8130487869464,0.477345576490844,-1.72343079406842,0.301849739145331,0.0474905681633038,-0.182516387702399,-1.77273513615635,-0.691913665101079,-0.102241810735197
6.18004602331359,11.6930436856705,0.895005834729379,0.937674820901489,0.771063408698429,0.00269038225107949,1.93016194231031,-0.497103304890967,0.388489761936574,0.284108352330435,-0.481064251331321,2.38898801153821,2.29423641059613,1.05251045806345,0.717302483105945,1.41334721024298
-5.91380637293288,-10.7850942398192,-1.43485098279799,0.474592626502802,0.540965388219633,-0.282121749922115,0.69632821290765,0.200675736360123,1.4261292100636,-1.289634979781,-1.43859053160761,2.41175808200332,-2.6210230760936,-1.72602243162146,-1.4948290747269,-1.6531419148552
-4.47519928529021,-8.35573438861578,-1.32143784827587,0.237279349493619,-0.406781004559373,-0.109108869472987,0.512833970924602,0.0262436221250904,-0.615276730059225,-1.96151493496185,0.109564443258094,0.080961248565039,-0.641537196820442,-0.816789216895568,-1.64167964636798,-1.92569531099844
3.37905661527481,6.61447873120046,1.30638644913889,0.88455476110738,0.0848620137233046,-0.0305730668818296,-0.187668958528672,0.616476316843041,-0.795008338814874,0.460690854714102,0.169168481310534,-0.292954481015967,0.218141618185537,0.468007852150137,1.21444682275433,1.5555438449132
2.67923399487154,6.35554493983018,-1.37450222893848,1.41312001697366,0.402179698193752,0.0632081066526517,-0.267752034581026,1.13348467653119,-2.2519655932118,0.719613168630027,-0.269679950553334,0.196630293937737,0.188820059979398,2.38519377610969,0.649999722766501,0.605743907822678
1.85893866074848,4.65064458956428,0.605382232807236,-1.60714874089546,1.24091870361016,0.155449681663913,-0.636151291150131,0.948866816024397,-1.28432906595427,0.583483799002219,3.6273510346934,-0.211300352329085,0.00129991755676877,0.104471734357636,0.661541542725644,0.611153495726013
0.0544210036645318,0.0753543591758822,-0.715151712298077,0.544400113908469,-0.668687232064181,-0.233603757108304,0.502669862034601,0.461609823952753,-0.117496520825604,0.211672742632891,-0.162007576426409,-0.561208562178481,-0.151584769800271,-0.201084979945739,-0.0834725313873682,-0.875954294766264
1.22446655877574,2.37176693508389,0.867232212751557,1.54416051477936,2.19052247698984,-0.158702148248049,-0.0192018344142102,-1.47892122180619,0.0411449612224798,0.613838508540774,5.35899740455648,-0.673734353233829,-0.00154936374101976,-0.634207382103389,0.313519345978031,0.769135417741286
-3.00960143193484,-5.50262523304655,0.354164026667975,0.4371182197843,-0.723267101896139,-0.0499890343518567,-0.0115749472252691,1.44891176029447,-1.69244430515839,-0.850629585597164,-0.127957934786274,0.074401829714773,-0.125769567635485,-0.614765637861334,-0.709189967878863,-0.545168006208583
-2.26421523682487,-3.98101698358747,-1.34172669816829,0.116858622503083,2.04650873611362,-0.0290274342360879,0.928207715595579,0.478674609509162,-0.770522667194322,-1.13935554724048,0.192749629974145,0.0266031070019096,0.0240871557306168,-0.508432060855172,0.00282435428182486,-0.470827305392124
-1.82341829621224,-2.8878084052727,-1.07326189368733,1.33335240251105,-0.289989913244709,-0.0686367681528177,0.202331520350763,-0.280275061111777,1.17669030868424,-1.18677230916134,0.285632234812342,-0.89621757345145,-0.121350619309336,-0.526563334667898,-0.235720472285567,-0.68749758828404
-3.40680827918299,-5.86581423417292,-0.279678535066699,-0.0445614493110775,-0.435634660009301,-0.100469167624982,1.17582690376642,1.74672508034359,-0.0140063508651225,-0.931104507077937,0.096821080615887,-0.452259942171109,-0.433907591049946,-1.11530603064905,-1.09749974288529,-0.548056677877556
2.2373355852889,4.56126453914416,-0.656939467356883,-0.03954264531737,-0.538797475240717,-0.336090860965837,-0.15213070764546,-0.657843845368756,-0.164670925197036,-0.182603956726886,-0.0699409899916711,-0.111038700372966,0.106214703599742,-0.160024700132236,-0.436937754683277,1.3387716017815
-4.28781162991065,-8.27486629593417,-1.82835910593831,-0.907236883572741,1.54279098559862,-0.0778491490706523,0.373501338703436,-0.421792565712063,0.751820946784854,0.180845314602105,-0.223729425669566,1.05308625584626,-1.13266602915341,-0.112592770327497,-0.0930406724408726,-1.26238817346947
-4.57682278614772,-7.04176600981501,-1.07982372246673,-2.65191592262917,-0.0854407453154463,-0.0389445371173039,0.395561499913305,-1.13607165950379,2.73858250145449,-1.62909683927752,0.0101552830425765,-0.230788577341838,-0.361263884362009,-0.568874754601989,-0.213209731724478,-2.72203791146583
-3.21160031024716,-7.02465887884015,0.536932888733902,-0.0821076842545331,1.98715142924775,-0.261995792188859,-0.797933488028592,-2.24255671221532,-0.910285067367193,-1.1507460769651,0.0711321726045998,0.125232705787067,-0.61817914305379,-1.44777038191064,-0.953962792054863,-0.914499054299234
1.40248815028019,3.292805610723,0.149634536574316,0.428118703773209,-0.514741741069214,0.0308794499579947,-1.45779669343807,-0.0989764200921838,-0.859095076886181,0.450282418100002,0.0784578205872387,-1.04066846453407,-0.146056479656175,0.578730016786733,-0.406439108025396,2.17615104418589
-3.07590643958975,-5.34880862674636,-1.08862648634137,0.225089518455103,-0.690145447117384,3.18352426087654,-0.268079205486175,1.27545916694162,0.217684039159587,1.43232564670319,-0.106591452535364,-0.212335601058397,-0.482332222247241,-0.685705299515323,-1.088010497703,-1.12720813070636
0.45326222502814,1.99188518301354,-0.894393128456074,-0.734655537699166,-0.303463365455518,-0.0313961071738213,0.889381566791918,0.542773043330789,-0.645562238350462,0.277891767733448,2.80987825210412,-0.675234248919337,0.148849045965793,0.559140306881895,0.521560094198286,0.26615180850823
3.94529793989444,7.56164333130917,0.614830580890228,-0.734779582774685,-0.70688827309877,0.0197749022018738,1.82122029461228,0.150022249634325,1.27139305280244,1.07457128468045,-0.347779814568636,0.832306896559417,0.365124718704699,-0.516239392550392,1.56429885565838,0.0361661688177758
-0.00685280251267723,-0.323526868150099,-0.744135283808627,0.873898341277018,-0.649729294755533,1.1617083910279,-0.526931135213423,-1.03147364964982,0.0653397908696447,0.0708976311538102,0.3158394690742,-1.38430548614869,-0.0437485693534002,-0.209150730468552,-0.420526719965337,0.223929547253241
1.49601626782477,3.66060242999254,-0.592894065444798,1.43518238006368,1.86774508120517,-0.136833151193295,0.756685890919836,-0.21603618162477,-0.817806078660113,1.41553972832233,-0.311428645527296,-1.09700207027835,-0.0435230862828401,1.60964901233828,0.990310078728086,0.814445832453873
-2.00007387737299,-4.05585592860015,-0.107025346861486,-0.774326274437279,-0.861393268385931,0.01299510124733,0.250749444131137,-0.331208053514127,1.17052410744217,-0.417491229842587,0.667724912859842,-0.348654535096527,0.0245174160944782,-0.813688078202699,1.33689890159853,-0.596610282101716
1.44242221975556,3.03542289130467,-0.748307778748043,0.448795964043231,-0.76132863600701,0.0160169651761423,1.75312461772155,-0.645010863018596,-0.515309785682899,1.08495359603098,0.711850421964564,-0.565638616967762,-0.151452236974735,0.0109344278262039,1.59047226289015,0.755373895599893
-3.29387845593001,-6.0588709882558,0.119233341185961,0.432591274471652,-0.603098715905731,0.0125202714642812,1.75467154490322,-0.254410095367448,2.73970716798641,0.529680061477135,0.210628896854632,0.546759850694407,-0.65174405260015,-3.09762586785763,-0.196821370596884,-0.930867574386855
-1.29303859268772,-1.30295452913513,-1.13643993695681,1.22443798798113,-0.266472619209982,-0.527529268971378,-1.5573341862719,-0.51204342707431,-2.60005013292301,0.393788818821084,-0.0221360967176239,-0.971634762598456,-0.0321946015429164,-0.705342536750333,0.648684223244842,-0.462592236344751
-3.44285045204846,-7.064149022331,0.962890078005163,0.400119371772129,-0.520072805047977,-0.0433323867639684,-1.27263720878033,0.553547863322695,-0.686734506810525,-1.3847095464305,1.26917935409821,0.581129897188754,-0.776772682582449,-1.82852237635783,-1.35482010837594,-1.21701259220721
-1.58706326844403,-2.60253162124082,-0.756707435077782,-0.223531170988568,-0.51781619268778,-0.0778553357672747,0.630950252665811,0.531877636203952,1.05454078964344,-1.26585533530676,0.599479891666332,-0.818563893295203,-0.25338966348462,-1.04422375833932,-0.125630771468809,-0.239631702716175
3.72593266670658,7.30120778707806,-0.0748283086109039,0.509658845954733,0.357066133078175,0.8044218728827,1.09269792629448,0.232723443289944,1.00775250588403,1.00510840762792,-0.600459934191593,0.0665386895120804,0.421057629537708,-0.450921791867682,1.79431475005339,0.563346123866057
1.94046374004417,4.2149009421876,-0.449840585315648,0.682359932115906,-0.800020770608131,-0.0254689812319393,-0.916040932620406,-0.711709811706116,0.356852846509618,0.262428913003807,0.173523469861391,-0.821602489015681,0.0133896351759098,-0.76582057181381,0.604773608939228,1.32864212336782
-1.93998408076901,-2.96606976210542,-1.27892556473362,0.401619308957714,-0.687799471031111,0.623750537582207,0.776187484903909,-0.926968415470319,0.598233009616309,-0.224637136699089,0.575295740423358,-0.223606413451992,-0.216614857458122,-0.360748033380997,-0.453339001362435,0.231234554580476
-3.02902341393131,-5.35186414713868,-1.14296765059816,0.400262841967539,-0.890824393054654,0.193928476241224,-0.375321736888042,0.594196763969095,0.732455046919896,-0.555107714984097,0.275794709202017,-0.233131301372135,-0.265642368723901,-0.927309281448254,0.223993705890172,-1.48897080282859
-2.17229924671676,-4.7871339814756,1.10288469313197,0.334908375988704,-0.696091571854992,-0.740246442956564,-0.446929646379419,0.0257970011363552,0.737269957356824,-0.525566920886519,-0.462565328113505,-0.492837818813785,-0.0734251198977499,-2.21554774048564,-0.820324221368848,-0.269306378206641
-2.44424226708485,-4.03100160999681,1.09114118886009,1.09242140508255,-0.504867603514503,-0.0844933011228331,-1.24657475193764,-0.199741977783762,1.97069557823043,-0.816428156523391,0.100196426685057,-0.20914088085604,-0.254345004345497,-0.0907941476901251,-1.01467472817734,-1.91008279229864
1.15748814506858,2.0701400619422,1.10396371857444,1.09674313510683,0.165241682676977,-0.083040314633156,0.329885385664995,1.11806593535378,0.215686556044789,0.998948924429827,0.201546686697679,-0.826903351732374,-0.0771863670236201,-0.373590972926592,0.835488928135726,1.37528202976526
-3.26049971746858,-5.80579187580443,-0.0333529096526494,0.154422441759144,-0.716598560031752,-0.0541160390900689,-1.18071043721963,0.50157271265523,-0.535450905748331,-0.499952593637726,-1.57398242160653,-0.191515716583056,-0.454332275808268,-1.74984590840093,-0.245260767545378,0.0227493681581395
7.94319494057446,14.5594281094182,-0.336518648456663,0.742046761092419,-0.202222564257452,-0.0688530211007638,0.271046961280103,-0.179000472041396,-0.947110044679306,-0.336920896974922,-1.62072067488941,5.52894977744802,6.43266875665893,1.64126366526012,3.10509387728902,0.627664822999174
1.35467556877357,2.16738095009173,1.87245193914595,0.28917113943254,-0.742817998808672,-0.0923843224490718,0.088294140480006,2.47055080625645,0.110007952253673,0.0214091538063415,0.481384637999347,-1.28640187035258,0.0229285030788153,-0.792499667713586,0.462692581196782,1.06534148678844
-2.6546846632132,-5.47955109481391,0.357195969793137,0.672973322842907,-0.0752690468223856,-0.609279624928088,0.316597661405571,0.673828017938883,0.0965071964356779,-0.0733085109437996,0.123116573002524,-0.0981366061395335,-0.277551853795516,-1.09131116055659,-0.30321729236832,-0.824344718939466
1.77618713384211,3.7085348474345,1.45993235030864,-0.891085328797716,-0.0711252762869775,-0.0613113220199195,0.395904176259524,-0.449960838035515,-2.4112140597051,1.690906561094,-0.200389101835497,-1.00059422653566,-0.0562579708161345,1.14304236802476,0.283121269290256,-0.510294829239365
-0.860452885753131,-0.752302662070181,0.398660490240679,-1.98010827459038,-0.660098548259609,-0.0517035522849167,0.593702741839986,-0.417143172982201,-1.16101075809212,1.17251476316946,0.326460065514413,-0.701213466712158,-0.0573614210299806,0.0998215230295321,-0.962176633770456,-0.940973238186653
-0.46505461343174,-1.37234368942915,0.034474626335473,0.662987434816572,0.294354778297243,0.326502596698269,1.24583893638336,0.303380617695043,1.18657633748233,1.30181775550354,0.427308931260405,-0.354026813289389,0.125901226536667,1.76248346695047,0.364330013439891,0.457310866905346
1.46033304242271,3.60227046698797,-1.38397396034847,0.34167558065104,2.05968856459598,0.607224911284638,0.645114193563708,-1.04002247699895,1.00355775255919,0.471118221251515,0.578999482442594,-0.51375380559518,0.150596239790265,1.40008402960583,1.18438421100606,0.923454954697228
0.665592059298274,1.27180599080999,0.224719378646827,0.292613003608121,-0.737869038360525,-0.0179452947309016,1.16323594815838,-0.987064789105023,-0.557576871924731,-1.09539009162207,0.382359719257754,-0.645296025474183,0.000648878893130613,0.397117695346051,1.04614192595467,-0.0702999899533667
3.14867771513472,5.94373915171429,-0.865877882007037,0.134351942832233,0.930607525471931,0.000762117075124325,0.943453501314061,-1.67158860150934,1.38387367370384,-0.0878412529064957,0.27458857342192,-0.385909217639772,0.220715483834308,-0.356110155670272,1.21999493961297,0.30864847360324
-1.04922639518881,-2.39511028446391,1.28459309399673,0.514786440198578,0.243714701722797,-0.00958241263991929,1.16814793029434,0.0573778823449932,0.936782926296522,0.463111617920284,0.327328399440733,-0.552848908071666,-0.248296165644655,-0.220982121727281,-0.520961587190113,-0.910136227255636
5.23056870176018,12.9634306851082,0.844341609247195,0.306131284982484,0.879024837264786,-0.19421255348228,-1.38861533866124,-1.15678970292438,-1.17280664254741,2.88286414912446,-0.861205692998798,1.53751486810979,1.61144067989559,1.31563839133984,1.67783814918953,0.380417281282182
-3.21603731545956,-7.35171489747751,1.22680496845936,-0.40888071396406,0.164365738231824,-0.0167033803705992,0.733923835320009,-0.570608237989827,1.20937485116531,-1.36524594092313,0.17797866347903,0.993944482400041,-0.868791120423993,-0.716543185217511,-1.21981830091654,0.13974472378792
0.896514258969801,1.79804284442011,0.293179208283765,0.377720000064033,-0.692539476529041,-0.0747158252623643,-0.501213804817322,-0.256488478592375,1.1400722580648,-0.153319339981551,0.00342580841009305,-0.646693354515659,-0.0317409074647195,0.186837512971427,-0.477507365257963,0.0484957508907014
1.79177296167381,3.17471601184533,0.782988247813381,0.291928656675005,0.159685571375262,-0.0715388466434334,0.646380031441254,0.248438036310008,-0.144591553593825,0.0451628842645708,-0.338506539884629,-0.560455151009849,0.171292317466702,0.650134488642167,0.095526947136461,0.728624901393257
3.36952730071196,8.75629394351285,1.73018630742394,0.958972004904251,0.120994445366848,-0.392611170024519,2.45538193416507,-0.479529318158248,0.28087047768796,2.27258936120903,-0.0683714961771762,0.564084429040161,0.497950921614458,-1.38680349860115,0.161500397597115,1.48279898228233
-4.44760495446351,-8.46587006571989,-0.935661103738712,-0.677293661150101,-0.373497356027514,0.473787086613671,0.244008712504073,-0.518927760357972,-0.0250921280701448,-1.82530690815486,-0.911338101820711,0.360609379926589,-0.910668052964564,-0.171673424697206,0.520791936594172,-0.409782301702578
-2.20959421080334,-5.94198480158355,1.09676374604643,-0.195287846290171,1.48306332771237,-0.181075157368232,1.03128671236814,0.496490220319599,0.462701799018473,-1.56343928962441,-0.0418835109492393,-0.558274294586378,-0.56497702643097,1.09944000708636,-1.02081108063806,-1.05707875594176
5.15279158886163,9.75262804582711,1.57885689663471,0.179298312251704,0.122450187568108,-0.0896491844852047,-1.12320037880494,-0.568774403865125,-0.406048801386383,-0.225579337592227,-0.246254776755995,1.37174432646662,1.55024295212615,0.853887508722156,1.08345992600086,1.28265980315902
1.49298696926976,2.85249139669432,0.303096597475076,-0.448488548911877,-0.673083084260228,0.626510540328202,2.44099983670004,-0.785767443808388,0.194398977410211,0.707776027979529,-5.90918535400861,-0.902153950410527,0.135496168746512,-0.950769335145157,0.80139813003875,1.16378015636975
2.34504284197479,5.40246030043968,0.525342215527523,-0.875006453937811,-0.897895474965,-0.122614302020357,0.0492265132894169,-1.91190023802023,0.279926794681091,1.00956063005488,-0.0609627867392865,-0.35556615518706,0.040642657011789,1.17391036274256,0.55842342885013,0.786252611592905
-1.88276576038826,-4.05867359783382,1.63095368115437,0.277136459395452,-0.334631734056691,-0.0205846544783399,0.990168537131042,0.413277989417802,0.422086612551757,-0.116002087711288,0.157739927033981,-0.380290208626966,-0.0757866358506195,0.397318277934527,-1.31873052907499,-0.72515645061217
4.65934456135837,10.1321404466401,-1.13938034162613,0.483338249674094,-0.495062203759657,-0.0854880682035676,1.39134475963022,-0.130493744345258,-1.42184843060754,-0.184190868361823,-0.361575197735534,1.89393493341969,2.05041774654853,0.0571802142644338,1.74871027720737,1.92466583989503
-0.622025243984869,-0.540142043081827,-0.603961849003449,1.12919488568722,-0.717511613489889,-0.11209993507022,-0.321258826383604,1.00762468749168,0.71487041633014,-1.37524730284786,0.207022597510142,-1.00415864550444,-0.0509068875643665,0.60654931977441,-0.782613706380608,-0.0708453333475397
1.16574522733454,2.38220047962835,1.14112760256061,1.31158995499001,-0.509709314497011,-0.0323845074990979,-1.46525981902802,0.0496729780068838,-0.677930369905884,-0.322566606818804,0.242214949567311,-0.254027212267829,0.156145195295085,-0.567835770216235,-0.395520722889108,0.807905787100393
-0.354910717701881,-0.0898818986384982,-0.228553861025943,0.697364445471769,0.976433342893379,-0.297085072829875,2.082012236814,-0.430256336659882,0.802023224527428,0.399024748469641,1.56294435145893,-0.736149050863049,-0.0831967232092121,1.13110827654068,0.32747536653704,-0.910054823045442
3.40683250862048,6.74339335865387,1.26195720842575,0.596506592264104,0.597066266594776,-0.0454844075659486,-1.20712509487972,-0.82913155399364,-0.510804074371189,0.413260886506208,0.0317963024277396,0.206598684189505,0.0720130789268667,-0.128779676388967,0.666391982067059,1.49346066709437
-1.28784674260148,-1.8019173777679,-0.769366766045816,0.315370761886873,-0.331579729798944,-0.016838877076227,1.05062341915593,1.72176037858821,0.40376660918605,0.1516928103165,-0.111474983706892,-0.461355698211439,0.142086581648957,-1.91867568449338,0.332687110596899,-1.71035393341885
5.504821803507,11.1931659192879,-1.30864208774506,0.669264288999325,-0.823676542229939,-0.0468067559055106,0.635816197793423,-0.0544078637781382,0.109408768773513,0.443645290396729,-0.396189040830567,2.90463283826892,3.03686175058531,-0.819434388889137,2.11033497154694,0.0775451237584147
5.04712207364864,9.80186092197158,0.98365613497172,-0.0624197962237396,0.417719708844283,1.24321590201963,-0.945642228989531,-0.850701144906145,0.276080810715928,1.50403224353768,-0.275901320802173,0.747525033133405,1.04285589409554,-0.6045608954239,1.51991263431622,1.39895760965388
-5.96475394106094,-10.4724055114634,1.11026006380949,-2.99463884933652,0.10722619717601,-0.0369888514279373,-1.00159820331622,0.377665451318657,-0.867603445544186,-1.36555529799467,-0.513453116998795,1.61051242592563,-2.25692625921079,-0.985607668726705,-0.980109124260403,-1.95513390379094
-1.13142423735252,-2.62806493059026,1.02861582773891,0.623015709607217,-0.86761349385043,-0.18214333073617,-1.18930108246564,-0.607428502004105,1.15027409713432,-0.69991614108162,0.16075252865714,-0.529597804856726,-0.211169239497308,0.876674639998475,-0.304095069679324,-0.137957707353289
0.0599238016235733,-0.261961372109192,0.396985472371786,-0.0661721147771749,-0.484673445296621,-0.274693590175038,1.69636586458123,0.404168341919876,0.145812406274622,-0.591912867286226,0.0697826973703255,-0.842799887180746,0.10440803870587,-1.38442715896504,-0.560933796933078,0.603588393417134
-0.786836545330608,-5.420333809793,1.42249821577441,1.46256140477112,6.25064999163554,-0.0907102180638921,-0.290279664008538,1.72720431742098,-0.203074198675222,-1.81563034569546,-0.13669341778836,1.03308155339395,-1.41363109264165,-0.568408880131474,-0.843966978940433,-0.957168845354719
-1.48489025811011,-5.14966640906016,0.719717522803936,0.192440697406574,3.27533383547549,-0.0333709931944846,0.05012103720662,0.42337916878815,-1.21830612780816,-1.60548784993084,0.247139410985989,0.3020624348071,-0.312482813800791,-0.41952209461899,-0.915860360387076,-0.48246062055954
-1.95487778357557,-3.92850524902154,-0.63337952796572,0.81082230917705,0.426615447182223,-0.0135861793967076,1.41352773547839,-0.209939175492038,0.804386367580454,-1.16772651039096,-0.181173543355945,-0.569053119526832,0.0736075389900598,-0.519316782250965,0.124976477708777,0.185435877893269
0.998354931721395,2.84631137748069,-1.33276444358537,-1.20803140821526,-0.664532995180116,1.07794389768752,0.475787585107213,0.983400951885176,1.92338669781752,0.0115166920366166,0.190013400945013,-0.530856459657037,-0.0612574645889277,0.566671759857085,0.232164515041492,-0.265049372249725
0.427306155360263,0.961288194029836,1.6295097949806,0.821639696465278,-0.426372551041993,-0.126093560096964,0.799982957134349,0.31385000845232,1.54959614217023,-0.472026773219195,0.669589887635759,-0.416076095873186,-0.0387847981918252,-1.87343218712163,-1.05800371534906,0.00270661637430961
-2.49020067720732,-4.22805027629845,-0.63525568200431,-1.7277927904777,-0.628165952917079,1.10024546605188,-0.605188919065047,-0.673498870421561,0.638969863483499,-0.860356996469081,-0.532962525134008,-0.787155176010196,-0.143907971117053,-0.0340015136438586,-0.113897739380919,0.15415317491651
-5.51809551332273,20.2916091806141,0.397488806835626,0.385388778851295,-0.345816117787902,-9.6023037757579,-1.38360681248499,0.54963255896732,-0.539213884249619,5.82567925370251,0.409650417421612,-0.483864428813604,-0.038532069877262,-1.00340681950876,-0.390394150432305,-0.309780810610298
7.16421651052165,14.4701974464767,1.36921854310024,-2.48974735771588,-0.549633509301527,-0.107748736109081,1.05465424280464,0.741664015427348,1.21130293731116,0.326608495264081,-1.29107601405892,4.9474011855923,6.52314543136192,0.71892501472351,2.69236446570053,2.67332065426948
4.17879569418858,7.90794246419133,1.41099690989239,-0.190441107764189,1.12850714383079,-0.483537748533878,-1.44999336643585,1.70895665926329,0.0485183041545992,0.489279831812209,-0.114532139723162,0.515962194879553,0.609131325884614,-0.376810885110316,1.10774554737756,1.93560412412689
1.8486209203647,3.78305554708963,0.871632653535259,0.149232652894525,-0.0347145155213906,-1.08161615697279,0.925563467286728,0.561348797705581,-0.767886079148782,0.81386803953542,-0.0328205081974467,-0.131149625867189,-0.230592687457693,0.355477552899523,-0.145698374441055,-0.135017922878821
2.29651146592532,4.82300453496481,-0.420327418873641,-0.423245886514462,-0.0268499922541763,-0.0320313744818688,1.4592601891563,0.565904381003406,1.38362054620258,0.113587383303747,0.869032473968155,-0.247909325191103,0.0238310460725464,0.787264034232463,0.485619626660657,1.18285617072857
-2.69172226408439,-3.80276369225993,-0.487987653770635,1.1213426898929,-0.395078289388435,-0.102569761507546,-0.0814423827331295,-0.671121863668195,1.76785032655453,-1.10830788753267,0.127721122040897,-1.16216218166523,0.0437625726352772,0.298456022567796,-1.08375993355193,-1.48349666178042
-1.25255385041896,-0.831996460918908,-0.565644859235881,-2.39781540001797,0.166836496357744,0.0813840595968631,0.616681442328393,0.276559079991337,0.348369963832671,-0.113851239099738,-3.13488294728544,-1.03179125783033,-0.148910399584429,0.562239196481594,1.43773611930488,0.8727355607431
1.16085843985065,2.40109533234441,1.12544232763803,0.0532675018450369,0.530132945741754,-0.031750287504033,-0.371873391014759,-0.0034319265697509,-0.15425248241359,-0.496636473329943,1.15755530600639,-0.448406642494303,-0.174919733953412,0.411989077951015,0.892619330817298,0.562008953323579
-2.57894189824585,-4.10013983782004,1.03232531898432,-2.36775160437654,-0.519691248213956,-0.864391751501728,-0.467103759285418,0.860718523851542,1.08513358872134,-0.253144468061746,-0.177415077939876,-0.767160987925243,-0.0752069811526312,-0.481871457298517,-0.205248895135858,-0.510055425144771
-0.759165868212816,-2.1587582655697,0.614474363579226,-0.336764166956914,0.871901197999426,-1.77841977128201,-0.191651658311745,-0.0525800248271364,-0.771152389025881,-0.0960624656715254,-0.777503183377536,-0.530028942750964,-0.0485373900135087,-0.10439276864567,0.00440120369306532,-0.260026774688921
2.58402434621644,4.69502640866003,0.773070142844664,-0.00880638143008068,-0.076883138634053,0.706312726563167,-1.45563538114732,0.299445924509021,-0.534235556780172,1.38777034289033,0.263310583552168,-0.762294042712345,0.291008980413284,0.698735732407262,1.62661271066332,1.30894304008669
-1.26781523644912,-2.62295512826282,-0.496895621975558,0.271097006153272,3.19082571990236,-0.081052363838525,-0.9088273911415,0.896667239316739,0.14008236297153,-1.0789703443473,1.49315774855111,-0.79456969034595,0.0949236524263816,-1.91900278170108,-0.334294094015378,-0.447583527173824
-0.537398205493307,-1.15270001849946,0.408751413367365,-0.332705814873893,0.857260210240291,0.00286108390781741,-0.242013447802046,1.32584407438762,-1.69000212607093,-0.110060478131878,1.01135686720894,-0.881644098267072,-0.181066674082126,0.533069695041776,-0.42050334573088,-0.490391805539648
-2.14792738832366,-2.80652364971357,-1.45891229286912,-1.8844310102714,-0.614447643551616,-0.0388872641621439,1.39115448558624,0.435491743888195,0.783745242970264,0.701811635473972,0.154876412663551,-0.751452344846208,0.0482198177439282,-0.595432051457107,0.878338194641681,-0.986847902588798
2.50927623709237,4.70133437054842,-0.0279779937180284,0.679457180563954,0.768597040491659,-0.514128097330352,1.5197562868808,-0.70618174654287,0.183080574130169,0.33319477419121,0.418959354375192,-0.207656306253994,0.374102542636504,0.225703026421349,0.807115852755265,-0.919850063961668
2.27458330126964,4.91607295395393,0.407916828885048,0.533685352091368,-0.360402615473217,-1.32916462668454,0.189640159400171,-0.951271862475063,-1.07121188270626,1.95862344642951,0.364885698931092,-0.739791345568198,0.127354086179804,0.982388849413625,0.99982344104013,1.26283003702596
-1.95657079384398,-3.32487090948726,-0.925461682833554,-1.75974454183204,-0.775200683971401,-0.141151023707559,0.28730094426784,0.00379695614600007,-1.26845831252215,-1.32556766700183,0.602243801424162,-0.796135896368241,0.209184354576945,-0.676923984725207,0.846324988387262,-0.272422389589284
-1.23407840389815,-1.99921444851396,-1.72025293289605,-0.495522758326343,0.462644415418305,-0.319616556894182,-0.439104220970874,-0.247699953482912,0.115323440965374,-0.171538933056761,0.166474408047706,-0.557227720217816,0.0367185891280574,-0.336324643594221,0.488668776148889,0.341187586331477
1.87303076670701,4.22876455777194,-1.22977712776533,0.406645432072082,-0.850784513640111,-0.17352277758359,0.154935438887587,-0.127564135304194,1.33396007522525,0.222401890204155,-0.0223970803008219,-0.584131340661651,0.255416776796866,-2.09920069493116,1.05406403355136,0.612798922052523
-0.401782329894263,-0.620151902258224,0.235307004518177,-0.865712025121302,1.04031777008171,-0.119057068428537,-1.29575039240454,-0.792919431916262,-0.334124984624193,-0.903361544815366,-0.295833358257832,-0.701393568773614,-0.141252901598749,0.0496813162105121,0.804871685127814,-0.0811638910118297
3.77232068094511,7.72475164397903,-0.820850293462583,0.444708980015747,0.0511258003439981,0.961616805622095,-1.75313072677082,-0.670296278510862,-0.697379241208234,0.903350051653651,-0.510965989419706,0.817234863006257,0.566071323675189,1.13704392094409,0.27634359780718,0.130601529565939
0.128849816354139,-0.0994272862867305,0.553092316780755,-0.242653889047887,-0.595174194019704,0.142036630710283,0.882850027934603,-0.740954177217248,2.07240062375869,-0.415987478307012,1.14214216800663,-0.665929325542814,-0.0115029413834389,-0.359608748387815,0.111405128159765,-0.077842557383522
-1.32008122818856,-1.55487847424572,-0.497176644893023,0.723301778050518,-0.589233297779838,0.653356106294406,0.0721242310079135,-0.0232577393280185,-0.0771958556038269,-0.478970676696232,0.033718398298734,-0.691107469831773,-0.0301184693833209,-0.294336849466919,-0.245800775199668,-0.442734031655669
-6.07864764280405,-10.5111558909587,-0.0217597634906768,-1.90898560496892,-0.875693506231929,-0.1552405070379,0.197462892744567,-0.991124844298117,0.750047910247361,-1.50866880502678,-0.835057867288856,1.8474029142316,-1.98817872759868,-1.14806415791582,-1.28334175354385,-2.15480850925727
-0.927157336141716,-2.50661288930708,0.820907080139205,0.242903232387435,-0.111163513065243,0.274584955572506,-0.979809693571442,0.865556338119761,1.32794507539901,-1.02134442166936,0.183006200146402,-0.0480422487415452,-0.172006024111204,0.915942178009789,-0.827839958818643,-0.406762339828386
-5.42273937039854,-9.40688667979141,0.856744259319611,-2.36288544249305,-0.743131511037916,0.560542979006034,-0.385926322752011,-1.12702417066609,0.0583501235922552,-1.33014742503639,2.46584427459537,0.919492655143264,-0.987118163825256,-0.251520564479057,-1.0891218078647,-0.888978720778353
4.88806104970341,9.78128937772336,-0.137323868955157,0.207872202608108,-0.64276745037389,0.0042997415553354,2.38863639023664,-1.18562740521769,1.10797840603612,0.408829620207161,-0.343370889731679,1.63764204218962,1.81617996043916,0.257668146182042,0.918510963423467,-0.234382759954557
0.956170305051587,2.62747179239931,-1.32108625140875,0.781859243078826,1.23727059326144,-0.0470885975745495,-0.212785824886484,0.555025244296138,0.539876266122734,-0.421190953183381,0.306659499687499,-0.515121202217241,0.0374783320653212,2.03292822233485,0.645136059101881,-0.480280054852093
1.84160811568341,3.73864909012734,-0.400320080590777,0.613803073165572,0.806139433910645,0.0136208237726663,0.566644328856004,-0.180954327355332,-0.292295516872831,0.218896834900815,-0.298487936524842,-0.711013222836963,0.108933322081925,0.80081328268908,-0.411050213722317,1.0269970222339
-0.453898864627055,-0.190815693856893,-1.45438600074635,0.512761917024632,-0.277025025826489,0.104935102152353,-0.222882380400578,-1.34352824850173,0.730109034247092,-0.435998748679663,-0.834795471567363,-0.238331666924336,-0.0722748680391253,1.71866572550586,0.423192222363174,-0.0080411825788246
-4.38086530854428,-9.07401401762999,0.896223989224032,0.557480967374514,3.50727711877386,-0.048618427861983,-1.49030019949603,1.81449318887285,0.790976907700419,-0.858856080149354,-0.657185155283577,4.45833870889871,-5.55217254838228,-2.66979762489624,-1.72555045683314,-1.48254945033183
-0.938657196784217,-1.27445521895629,-0.583190246111319,1.54800703018369,-0.618881799000492,-0.0250503419042379,2.00323485761756,0.374736283788496,2.22501489628544,0.218553812036229,-0.132743462093636,-0.408622170503198,0.107692258030452,-0.531485549217555,-0.49189623516294,-0.0279914558383724
-0.984760710014568,-0.77005938408659,-1.21968696340186,0.867768517074674,-0.58503302168091,-0.0279916992009618,-2.10073424628645,0.0552382523839189,-1.54869288604043,-0.149425673606104,-4.45489293571504,-0.71630243302895,-0.211281475708644,-1.10667212797614,-0.325366091623138,-1.07777326024042
-3.6840138018427,-7.02169769686817,0.301873636345234,0.815047164031813,-0.669056507547354,0.1115468890553,1.22633749397096,0.00427206685984787,-0.615854896898946,-1.32891945781214,-0.240923451536154,0.204019531904292,-0.298873206405494,0.8581917628433,0.788675741631887,-1.20723632977189
-0.837830105009751,0.316634608845262,-1.24879174003141,-2.25034980972254,-0.499332008902204,-0.363696353727111,-1.13641681264231,-0.0470984202683496,-1.06147327276191,0.259843037098149,1.08453106825248,-0.568645872907719,-0.205215773518016,0.937307408363838,0.444494133250753,0.228961979429158
5.83888133159768,9.93218302830664,0.463268858087072,0.105717613685635,3.01634724840256,-0.262212507937849,1.27268253115027,-0.154829526783606,-0.185840674835027,0.65860468664952,0.2174975442381,1.4063008612444,1.18514197692221,0.307935401386636,1.34789868124659,1.05920771269189
-0.26574567678134,0.0401819227155464,-1.28429533201536,0.637462586357975,0.115606334528986,-0.0776399055952337,0.0691047429876745,0.586680609829335,-1.98834595923695,-0.513207287250491,-0.281733989982062,-0.874106491458126,-0.101190252018109,1.69034898521101,0.741918627948301,0.404412142944475
3.01549852074008,6.92261060327667,0.373566990875242,1.09557961184753,-0.892018013894014,0.272272664384745,0.503361881446344,0.786042773207955,-0.776370264295659,0.0762309478363475,0.0179960770960054,0.248703983881135,0.309572622737133,1.69044869456937,-0.319977759333316,1.88731122530424
-0.909651701087919,-2.52037658998363,-0.214491614191323,0.363289534262755,0.860565860003867,-0.0637987423373669,0.824498090477903,-2.22502696058184,0.493745628120646,0.412755091891188,0.13509763530222,-0.513111654498992,-0.173020715153673,-1.02643867969861,0.178071743953147,0.583083756508796
-0.115223492034467,-0.0929809478194491,-1.38329769605492,0.398465729656262,-0.608744118947003,-0.0961829222006644,-0.0370231153922187,-1.11376959324078,-0.561074431504259,-0.669394261350512,0.29628382214542,-0.231939940133258,-0.320977717023699,-1.55851615808449,1.11519708748498,0.573357189982731
5.17216584863889,10.7699455144966,0.0285280531639852,0.512082881577465,-0.409499352470418,-0.0801431682305394,1.52012290471302,2.11816001632907,-2.58609863345026,0.0498117058705521,-0.652602529638793,2.35989780810177,2.26009870190551,-0.229052879710991,1.26077719253008,1.96501857635414
0.952463399814794,3.76545774373416,-1.07996562721879,1.53607837303761,-0.243281099854482,0.0634122213692399,-0.480911125719748,0.69336614070253,-0.862830244023855,0.272160216858539,0.0153999745791872,-0.322366204390194,-0.0977704219215723,0.581507416624781,-0.280771825511045,1.49275245806784
2.66916447657941,6.68988325492378,0.323207504706384,-2.955676024685,-0.260345506605183,-0.368605147908084,-0.240540478140668,0.12059361027294,-1.55885215285646,1.21233167303998,0.762975591265529,0.513039257778499,0.682899857162356,0.537726443295843,0.380911547092669,0.32213400122749
-2.20313177694183,-3.48059447159639,0.253852739969754,0.424033008450047,-0.852370105111683,-0.086245717661429,0.265378336570348,0.954750663719987,0.896153842174261,-0.403973618252151,-1.16228067465869,-0.322330611503909,-0.00540224077514395,-0.700019756125263,-1.19652259259247,-1.21946907747837
3.7412966502157,7.77004388947848,0.307010559176269,-0.461815555755928,0.0955720800601216,-0.220477520875118,0.875581857768829,0.102869909216911,-0.170900358032596,1.03021277020496,-0.194876541374965,0.427448138618512,0.596966534321968,1.25982328010458,0.712090026571229,-0.144550812163743
4.26745034699963,10.0821552450111,-0.955329236466251,0.968618687847978,1.24084215621807,0.342658704896576,0.610462793572446,-0.605216288345775,0.095623447319242,1.87558247594008,-0.0279031067057465,1.29461168006314,1.14115471781774,1.33817922821913,-0.566868082875076,0.711744711460612
4.17112302920797,8.03082467319991,1.22703446074337,-0.108010534625968,0.0919048769609636,1.52181661244368,0.0654242103321935,-0.794320624573981,-0.62688258451088,1.25086580761434,0.0308679769455228,0.40517944406642,0.282860878926827,-1.81960058270975,0.710279296989644,1.20148373170599
0.808631154468922,0.63953820810491,1.86272970113744,0.502106293706643,-0.424077684313474,1.78151238986176,-0.475225280521455,-0.366652934754958,0.822489864389435,0.0819645476129665,0.0559047048527156,-1.37209099962487,-0.184434745701471,-0.421857616054361,0.504502941986152,0.420628985353466
3.81490498528831,7.96456502474184,0.176319725021122,0.320365846183976,-0.62080272650211,0.604911858028009,0.83679752643308,0.169096121695714,-0.0700301455957427,1.11167300400138,-0.126479565106181,0.340286998797638,0.594499870047802,-0.455011052876625,1.33706567461972,0.107377694120766
0.188959301755273,-0.463787931083593,0.43511010004302,0.00557596036255598,-0.547271086445372,-0.0527033882395371,0.705915634082663,-2.87813677017552,1.24448646913755,-0.260527898211566,0.0512777426826841,-0.46711112109289,-0.0138006704032068,-1.35476847031585,-0.997585258437428,-0.123811641935412
-2.15218154364339,-6.62199369522753,2.01035870285485,0.370333574014968,2.81563454666174,-0.0930423943239441,-0.657094113721341,1.20323566567464,-1.61759404688863,-1.90859430359671,-0.099377851488374,-0.0323923544013216,-0.438420400719017,-0.794671845344585,-1.25882154940355,-0.567826854115081
1.37268916299227,3.53650462988577,0.81583309730836,-2.26466352689098,-0.411418730276921,1.7893978392287,-1.21086683872835,-1.26701767295029,-0.461842590957111,0.423484364370537,0.41948806138349,0.329829055801936,-0.0838666194439918,-0.950549002014397,-0.0855170679429794,-0.909716402567255
-0.871300193255236,-0.531670139410948,-0.876601195851857,-2.62080100444354,1.21032578468302,0.159314563148897,-0.65110111221785,-0.344280607687075,0.317226679446611,-0.767592187132109,0.513342321681428,-0.898135901215551,-0.338858536651058,1.33271202699048,-0.260439682921429,0.313907308822823
-1.149090755389,-1.80416841541518,-0.807337490302153,1.11693031657556,-0.695612417068136,0.176605680915083,0.701346447511287,-0.36559522112202,0.00453735134920016,-0.192809721799752,-0.0898519902100485,-1.21467076372868,-0.145685376918637,-1.86214766202867,-0.111911338711367,-0.175071999196114
4.12736205530402,8.6224328520139,-0.149418048426948,0.527981563493176,-0.408416599782373,-1.53416451843335,-0.606706371526541,1.43526719699666,0.0486199098478183,1.63572318477659,-0.162312602474479,0.385109844603187,0.836582977948962,-1.50598174378109,1.19092893186311,1.61449200190208
-1.22521485490584,-2.01657356611627,-0.599530919390938,-0.715092101479677,-0.620988984771201,0.0028770363813701,-1.29155516472348,-1.26623233085548,1.16513035789776,0.560153318365212,-0.0589828344040251,-0.744197322376657,-0.0391442468693531,0.282320528943111,0.424689736998511,-0.14508310586603
0.24861534476319,1.67106686652247,0.072371872565888,-1.75828746967279,0.311577016925987,-0.0506481458963561,-0.0186912113097719,-1.13030885979903,-1.59130317197665,-0.312730572447658,0.15281553047539,-0.609432831090239,0.0265097156628146,-0.312266552865773,-0.066148450552367,0.626353232841949
-5.23249670974802,-9.40559839855451,-0.433612277971556,-0.716475873102303,-0.254486524114593,0.177978094295694,0.713044405655748,0.142876394844236,-0.112475026773984,-0.712865919561861,-1.00286522543641,1.78406916151594,-2.69256416564923,-0.92782812210637,-1.07253108150821,-2.52082610757845
-3.48042201812612,-7.7594428705418,1.56000962161551,-0.16518777105196,0.163504059949502,-0.0715742659653582,-0.288139895169685,0.136735685255556,0.791187210348032,-1.34249782884545,-0.075521241897601,0.850569897088482,-0.532938218160837,-1.6693487196499,-0.550989491577047,-0.401964198710575
-1.18689027257207,-3.08028965562726,1.49894969050362,0.493842895261664,-0.562216854861435,-0.783829261152943,-0.512171543651275,0.0992592996532958,-2.51786593659018,0.225071837585833,0.136723909865887,-0.808519970077056,-0.123441771214093,-1.52860949185433,0.142578118799082,-0.130507669925874
-0.694678842398925,-1.39169298135866,-0.787819069553136,-0.831880659749126,2.30481200897887,-0.276472242142613,2.16617278051019,0.583410735105742,-0.98685307726542,-0.930248273602516,0.443667023732569,-0.713745586474254,0.015403428340506,-0.613276987927397,-0.488834303954102,-1.16312788197232
-0.98918631785776,-1.77963681252148,-1.05405317089254,-0.20395250044979,-0.492566039304685,-0.37557410784368,-0.711194355179419,0.761544928422414,-0.750187174399181,-0.496730068052481,0.326621600917819,-0.424645777444166,-0.109704507989315,0.167542292821665,0.169137692252269,-0.285584012665055
2.5689136540185,5.75200312432532,0.91887169567546,-1.20413908857162,-0.245399206191851,0.459151890370131,-0.379553136017276,-1.63844974163209,0.493894551854111,0.700200491308431,-0.263866229731784,0.0594281810173751,0.365052243144148,0.139541253070815,0.758130933752684,1.69550696737319
-4.52518298100733,-8.92506777632461,-0.0196463963175927,0.157527481645638,1.06686091152435,1.28568322198885,-0.293646207932786,-0.042891455964648,0.268947326035481,0.627033311028556,-0.931091327484525,1.69915118758131,-2.09734366220037,-1.05649688614175,-2.73065273891407,-0.548386147917426
2.26452726290872,4.48642042119333,0.135410756020425,-0.848024117775593,1.34775667553931,1.54225606484361,1.30288265738172,-0.506242224711041,-2.00392239800538,0.753899978215803,0.225991207297326,-0.303150754326016,0.140571368133407,0.428455181650204,1.2537759836749,0.134912830189221
1.93341993359853,4.39277850135405,-1.10462461461952,-0.745988594030009,1.50282874312531,-0.0101984043688891,0.398749898995196,1.69304699823393,-0.925597577003362,0.23776823275267,-0.359230301381936,-0.0541521825140185,-0.0529373244162846,1.19821744186769,0.00509066181073041,0.0451929311589232
1.5361466416981,2.02876682982612,1.09124040709337,0.0387125676632912,1.27220968995653,0.140102421268599,0.832834825733655,-0.674556285173691,-0.425734551208057,-0.275995497577549,0.21530322001309,-0.94574432216121,-0.249295394261157,1.40478922113629,0.0549463325961688,0.70557394333486
2.28358949164695,5.16702345158827,0.513704765486357,1.430224162731,-0.449281539653118,-0.23887932799084,-0.45887566524397,-1.78331043943487,0.709786233465395,0.249544924909879,0.133480363215477,-0.00258980112978966,0.0212906436234308,-0.788164511106671,0.281433199266593,0.0209192945035277
4.28861312216313,9.69262547947163,0.959143535260098,-0.526001625744231,-0.129405011067245,-0.0536536832030502,0.0160224668332944,-0.41683135402355,-0.399971749229396,2.43974062438955,-0.000338063042887274,0.168470495129075,0.493085577810539,-0.261048278367856,0.356979029691938,0.84015101389266
-2.64083654171545,-4.17693341457533,-0.561169484133223,0.750966341877085,0.576760874038988,-0.0163164117824648,-0.0395309765475284,1.34048854830819,-1.04213367237521,-0.685959494029715,-0.465639868674065,-0.447620688680881,-0.00303857726579325,-0.274693295751783,-0.840994490945807,-1.25672006104707
1.65243279685462,3.36097623589668,-0.878067019978976,-0.805579581283382,-0.471218481324376,-0.0980533149414712,1.81741289915307,2.25003512780462,0.866265909060809,0.414948479992221,-0.0449755708040898,-0.854839490435163,0.173749292369947,-0.0667336119460281,0.765073480916301,-0.758370130319578
-1.83555859474835,-2.90831372784766,-0.979720456391539,-1.61336101937074,-0.872834864546112,0.620301769372007,-0.410358501752546,-0.777006461726484,0.00336209166337555,0.95004659344406,0.21131384681381,-1.0028305346219,0.0101377119239948,0.687007376359273,0.147516866743072,-1.09164103464356
3.90946751537238,2.58672384691657,0.419436441546897,0.253680670670009,7.71841827503751,-0.0202181018958819,-0.51469643005045,-0.622272662176341,0.447361978542029,0.838485632989342,0.066637729339544,-0.322056204188445,0.00305896447575101,-1.27075237001422,-0.76922570824667,-0.68204587953703
-5.82720224031903,-10.0773767994654,-1.90951716397128,0.757309374191417,-0.495282459366447,0.218862100605689,0.307439286918907,-0.896359893785966,-0.0532708207220417,-1.14291810886217,-0.798899388260856,2.35425689315484,-2.01805753744891,0.530385874078313,-2.37396162342176,-1.73528466219737
-1.35682618811738,-3.06963787898619,-0.291658586022504,0.413055341720946,1.4324040565809,-0.235803309444721,0.319973003441439,-0.430175350209228,-0.56791348360828,-0.842443168676637,1.06618064952631,0.0463330601410559,-0.157443669291115,0.768231626435233,-0.431834505716297,0.361204688785645
1.38467670038221,3.08757925064264,-1.11370697825367,0.79286742438065,0.476671183930064,0.030376900500651,0.325111002118449,-0.890960477484097,0.689878956649782,-0.242708626953748,-0.41761397600622,-1.20007945120803,-0.0870205427244086,-0.192678596546576,-0.542759296888685,-0.569422649946937
3.23444204174709,7.16535676639873,-1.46362169193292,1.12651507140018,0.517647133105663,0.013641991490922,-2.75046691765299,1.03784184292244,-0.745966980008501,-0.127573822225945,-0.390475470769722,0.594428788405831,0.60024024929043,1.95120594838571,1.34326722604397,2.05220313108412
-0.330528706150216,0.188592063612168,-0.551999823207578,-2.05233920314107,-0.660230505356256,0.0261576843113216,0.620405296153151,-0.916364743644919,0.158982615357413,-1.31989937784367,0.226888719806181,-0.546155129094888,-0.0949270054082442,1.46330387422763,-0.145935799344617,-1.22579300249755
0.403077454681051,0.758965615486949,0.24438715011738,0.581864322616781,-0.296921734155846,-0.368118184609217,-1.0806367406607,-1.40475289066319,-1.44643020814307,-0.215428034397736,0.707963376294892,-0.743013863138071,-0.0439142336225224,0.197956713651244,0.0123893974611836,0.140195718083919
-1.30560393981837,-1.35204408427821,-1.36381382763874,0.329913695258878,-0.768047955848954,-0.0949759425355734,-0.39663857783796,0.291828175621718,-0.184296975413353,-0.643433100283093,-3.17914831114019,-0.962348937481635,-0.176733992146716,1.03854193738853,-0.49440506542588,-1.72641230405037
-1.86623481231923,-2.85792331452946,-1.4293977251998,0.5376995979089,-0.710718154173831,-0.0897117392010611,1.23134954963676,-0.721071041822071,0.314030191020026,-0.97181885233821,-0.114238935358111,-0.352655695965541,-0.094537041427624,0.884229140349556,0.803947777537231,0.130462455336118
3.6912798698299,6.76948890472486,1.18984545120806,0.50813784288025,-0.465860096533008,-0.0752994620698544,-0.785287924805073,-0.0758733137094945,0.843129186434846,-0.16061424608903,-0.142340616566758,0.353222196307461,0.232168081532124,0.487030144481298,1.26855995028883,0.805699758042708
3.6345033175469,7.34807399061277,0.759489418283026,0.473310158682452,-0.272185964549717,-0.132593252562629,0.402358893550586,-0.279130195077555,0.755584269204208,1.78505321937858,0.114836144065592,-0.153105887908222,0.237326627441201,1.5345732403702,-0.394958454355398,0.825707262394558
3.76322981249732,6.01352710660971,0.0662180757049724,0.363056370192773,-0.591360426498942,7.22998523554951,0.523748077331335,0.736495534562045,0.218326420762652,2.18592329003184,-0.424420194270586,-0.664972614142648,-0.0730684185534201,-0.121042475095855,1.40607674866949,0.678537807333856
0.262752333543834,1.23499223965808,-1.53637608288465,0.649098385015998,-0.781993568546595,-0.769102152864769,-1.32698204803928,0.69451857524239,-0.322432774840866,0.557111986535659,0.171614071334519,-1.07848736892283,-0.220060394560443,-1.65448482687919,-0.496647315908155,0.994865867471522
1.75747490282716,3.67643628927326,0.56832056571711,-0.205004565099722,-0.394043712110255,0.00458004450275425,1.74053411484668,-0.7647874964708,-0.219619198965267,0.262495182480608,0.370406290088519,-0.331746122841828,-0.299730544524293,-1.57378845105762,-0.570699254842921,0.99458741255887
2.5066355799048,7.76521189078521,0.147364359631714,1.28280489667514,-0.477884452091803,-0.0892298339026307,0.466338854019084,1.04345245671985,-1.74353985707412,2.63122622770988,-1.63385295442393,-0.172735774467159,0.084629118699606,0.492479223635078,0.257613511068467,0.0664176661766842
4.7110762438971,10.6533064202763,-1.36704460880939,-0.0611122440030848,-0.187871817489505,-0.0277331814901246,-1.19843062110495,-0.660947009971299,-0.817149434347615,0.830550181219419,-0.590901620233467,1.6296802366091,1.82448379576389,2.25723065113015,1.63624229820506,1.64787624461293
3.79644915111895,7.51367689698441,-0.167550762727646,0.406194098749441,-0.845222447920193,-0.0203139966886029,-0.0517227747076195,-1.64892343732486,-1.03354868381604,0.443702349238912,-0.937601841214285,0.856153759776055,1.03959269091704,-0.446646480148898,-0.0225590125217935,0.159223144834837
-1.10607489279961,-2.13578991979314,0.885077375062765,0.341001407110851,-0.705128068959165,0.279019457050048,-0.280173523819814,0.245025574468423,0.940469384340106,-0.959923350072359,1.33974558701066,-0.758761035605634,-0.167087195471232,0.402247822295581,-1.23907707282845,-1.02014253997313
3.64491589767546,6.74008531539226,0.261434404082738,-0.0249706126068539,-0.703076533202042,-0.0703603504735133,-1.44437729356364,-0.686252520365907,-2.32174721481624,0.395447398833449,-0.108530073456039,-0.296695424052252,0.219886022616944,1.66800438373497,0.419970387653496,1.15988113464765
-0.0743712974026832,-0.391733015313324,1.41224351411508,0.818113096762767,-0.611178795966933,0.019072635478587,-0.723422526053064,1.63217420897237,1.19385092999209,-0.178223216561813,0.13838957415038,-0.492478668868738,0.106603090791789,-1.11594874019071,-0.7340424973709,0.236412957830948
-0.171281844565155,-0.724230842672441,-0.54325025312451,-0.637282321392584,-0.874245977523463,0.000432203818753699,0.260752829654601,-0.397266224338696,-1.76438967546408,-0.681700430667223,0.535290101141841,-0.257106176342931,-0.0592612614612146,1.22241257628696,-0.0653164213345473,0.201986426809224
1.89119250370684,3.91399457094402,0.242716243908406,0.874196654313305,-0.554033378523377,-0.0868414472204527,-0.283653586075845,-0.15431367951412,0.694528100485381,-0.0902643525242671,0.209266725143644,-0.436732507414178,0.0306586643570383,0.802783369758496,0.110962952904321,-0.0727187162186186
3.63781467535664,7.62442194849022,1.16399606484767,0.199639222422631,-0.567435167948694,-0.895129114367253,-0.203564520005422,0.237217456946937,0.406816537559271,1.97178185264323,-0.268321414022679,0.00540313624705611,0.38426648835878,-0.641886388543561,0.055053712915351,0.0559515110436678
-1.04052797853279,-2.23622843358262,-0.305884074981406,0.305514814282491,-0.310706207679655,-0.0518802273233716,0.29850725782928,-1.39401036295057,0.801734538122146,-1.05155452336797,0.0325504698038167,-0.527422911053197,-0.118791872969786,-0.406436473009636,-1.14088118406622,-0.875356020677406
2.62280508331764,4.82186508881773,1.3797315100081,-0.904556920808924,0.926515206091269,-0.0200686730644871,0.160073067474679,-1.22280540618518,-0.361859522548423,-0.376870542934208,-0.0609981294147722,-0.157617367066901,0.0120309778190318,0.379832176248997,-0.00064902115678707,-0.674767514436179
-0.153254305052843,0.427087451600669,-0.661874731469888,0.74534879028085,-0.527098057861147,-0.0512304276281299,-1.58151630165685,-0.848816977139721,-1.12936386430383,-0.251034922215833,-0.285071508350602,-1.02260909713388,0.0232935620012207,1.10562666033179,0.0695642755201221,0.335825762915183
4.0849921258097,9.56387171547964,0.245597288984702,1.44646308351343,1.59055767457261,0.244410823870409,-1.09226186809704,-0.0715526316225201,0.828125932902214,0.580723380204851,-0.210555941709275,0.649128689510376,0.791948016740821,0.276085469303827,0.840801979835677,2.75325235599955
1.68636789433988,3.22311348301391,0.722239057428214,-0.0987487999477765,-0.614304136465289,-0.619305779089259,-0.45143162911491,1.589554560967,-2.72825651232351,0.562749724594447,0.274917600865929,-0.446262559164559,-0.0111675029713287,0.524867060470007,0.00479976791162827,1.13463512372039
1.06023668853401,1.31715645053487,1.17839667751488,1.30046257396189,0.630120363896795,-0.0645714716093605,0.816715796051427,-0.935538710030225,0.0705038040022892,-0.813818176713401,-0.157923369433587,-0.808126533159954,-0.216041636180817,0.711971872513546,-1.12085773405392,0.693363737086287
2.34260404431083,3.47995874780117,0.846776200674346,0.749815226534017,-0.600989840952956,-1.36374652309534,-0.245838216351848,0.659487498597107,0.0412285256492026,0.361695302783947,0.0655808971551159,-0.484013357702699,-0.114064345226018,-0.234763235429408,-0.391443803066535,0.682831465377404
-4.21932564339621,-7.44480997608303,1.39454268622004,-1.89866370562181,-0.584783423119157,-0.197787603415339,-1.62895083478971,0.652170814615998,-1.28713143166372,-0.896762889956196,0.150255871364832,0.49920836098242,-0.305178733678874,-0.139264875304619,-2.28664758950909,-1.56446294935887
0.236852222780409,1.23051472857033,-1.15049110877763,0.381102245601222,0.0987836276482626,-0.600401081955432,0.729904334398711,1.34661698686559,-0.468160502968526,0.024813091866747,0.175683709163556,-0.912817648614078,0.0945980036848042,0.116224814652831,0.222161660406479,-0.0281816412427112
2.2910994176824,4.87277354521408,0.79571419796723,-0.573482510510028,-0.757592496881576,-1.14888147885488,0.489263537015911,0.483972383920604,-0.64654582655786,1.18101038785404,-0.919931647086913,-0.56705470800384,0.106867413876991,-0.0875799817969075,0.700177099446665,0.734664301762931
-0.800653846620408,-1.82865428573265,-0.356931323415933,0.258749455072831,-0.199206169567239,-0.398863770281826,-3.16645163488987,-0.213983576222022,0.640128363684195,-1.25602506132124,-0.115774518320252,-0.534581255713085,-0.257973308033906,-0.777026436091843,-1.2556227778678,-0.439101087366798
-0.946431825068018,-1.58219841375659,0.0484441587904601,1.09676814978556,-0.517496059151736,-0.0114355838620854,-0.416944791812667,0.529919967407379,0.0198238633350758,-0.994500755897216,0.944980560777824,-0.756453014283361,-0.00939617940070508,1.00216815093332,-0.506577285581719,-0.444321200549193
1.78723940176535,5.12364078118899,-0.310089289019288,-2.64603891165645,0.0748159605142583,-0.00796593547448119,0.153967495984803,-0.287562095566468,0.235559362404645,-0.0728541220699042,-0.123084441094233,-0.258723238015432,0.16132401394427,1.57501607251703,1.27327907943081,-1.34019672697926
2.21810929014796,4.89970554747288,-1.50372016711313,-0.693961179918988,0.0504839631612872,-0.131893032080908,-0.490979016222589,1.85396806254591,0.355344182045058,0.0986145683772099,-0.0137461252130302,-0.376376508053298,-0.0453793939819239,0.675315615483038,1.6609657068564,0.593061541508676
1.46456366684426,2.8618145034655,-0.365257437587418,-0.201626220155466,-0.826049991329649,-0.0674660945265586,0.00422505476135976,-0.311911049020837,0.550440984864732,0.391327669503573,0.857882194323866,-1.02329967336729,-0.12917090563468,1.29838264225039,0.757298132519974,0.999949038009573
3.58652042037113,7.70449250706659,-1.13269869407979,1.45898687576443,-0.225161042992611,-0.058955222757983,1.86961229058587,-0.635244437010342,-2.91090505035403,0.649253807585004,-0.0837245158328513,0.586144234647409,0.859755806634608,-0.0288681959761775,1.99376809979798,1.9814595263002
2.31066702024006,6.38943995715098,-0.249865049965978,-0.050497744451365,-0.55562785739146,-0.46512112039456,-0.256454756909052,-0.480159709824952,0.0927372101549846,2.34689426421345,0.850939215257387,-0.533329546843635,-0.0584168524594376,1.76827486281336,0.446103761854904,0.011264149371994
-1.59209755644116,-2.29948978282871,1.22659318061408,-3.78051115647468,-0.681478833786523,0.704460542335709,-0.642995725016442,1.2024942130711,0.0783077257159344,1.28463981082602,0.34878665111263,-0.897077103482642,0.193307899535197,-0.227319174092576,-0.822373728095185,-0.449039871344511
3.01291691131578,7.07486594570384,-0.973415235284323,-2.2895621137637,0.766354666555562,-0.843432198458393,-0.630902832197307,0.339818547922336,0.618529356627413,0.641027031924692,-0.663929922305784,0.72516031660484,0.996993140677313,-0.0901350543503197,0.407432816495455,0.453801874166151
6.70041480250182,12.1832998813674,0.57906368394944,-0.323700389625769,-0.109931985456255,-0.102332027930867,-0.341457254951623,0.218843460850138,0.201859130425904,-0.00611466617045189,-1.0842416717062,2.74141113179619,3.46283728091166,2.79020586569873,1.73403096910158,1.2653760025996
2.63818746433703,6.48787009299787,-0.97264494705297,1.16145716029799,-0.278514806551779,0.525072033465361,-0.504127661452985,-0.573874386408637,-0.627602924596436,0.873520689663907,-0.691087084259679,0.637979244203565,1.01988729229729,0.459011563337672,0.980980496339627,1.4729566082043
-3.30605129579276,-5.28135701929063,1.68083173892111,-3.56950856590218,0.178597774437983,-0.0226465394054964,1.15417953717002,0.0263464336736051,-0.921925313143724,-0.217593678226701,0.0863306210092492,-0.140733258453691,-0.29388194769691,0.218402868840031,-1.28228762198712,-1.83845591189011
1.98296976075708,7.98094135207624,-0.808256586110814,-0.879831457937038,0.435859765282033,0.136850660288873,-0.156147656846883,0.796339401646411,-0.741834725498132,2.88608552249637,0.316748532346421,-0.575825900925383,-0.0707808324106747,-0.557150777193385,0.459103862305702,1.62274708894702
1.70525431221442,4.21249501886744,-1.34460044796386,1.0325298899431,-0.708143664168148,-0.288366547973869,0.791396592065458,-0.0669035057894588,-0.439566413856874,0.863648454339802,-0.146800067111772,0.101568816404409,0.173794324986663,0.23086639075715,0.897807066567063,1.46981517538902
1.45885463518222,1.96869156445105,0.992849659117254,0.820828655360118,2.83736537262648,-0.00837875209748394,0.551338745137334,1.67173723384118,0.380028231331488,0.0106421443078242,-0.0635586744153214,-0.821900767522005,0.0297440130304538,0.183475287178792,0.67335930374786,0.971951824315829
4.62863414278244,9.75788662002908,1.17447063265406,-0.251557884253052,-0.694223887452234,-0.15683631629658,0.555016175621001,-0.853472980640406,-0.83151656276157,1.97077861728987,-1.46279188384187,1.13914723374219,0.972678962349268,0.60421158048615,0.790990095291274,0.176855440087934
3.40701353388495,7.14490099045402,-0.902551925342935,1.10259521002211,1.11395887583246,0.963996933504929,1.57841917326871,-0.186497468442877,-0.0985852789464803,1.01116006935966,-0.474121765680401,0.785363907133719,0.691164399391133,0.353201086177657,1.84996989375365,0.0454213267181877
-0.748973744004538,-1.90162884266446,1.49838974339904,-0.402071241262809,-0.527282662166112,-1.39011526165289,-1.36861672068485,-0.864801455237434,-0.475806938947711,-0.00170176565056607,0.487307670881031,-0.30849364722739,-0.0862375924271532,-1.57937825819452,0.401718177860368,-0.589429909851479
-0.988845723267584,-2.23580128538143,1.35773979830578,0.531710007106149,-0.132415169366669,-0.0215721387273357,-0.488976550974492,-1.04973748338932,0.235907432856768,-1.34076741770572,0.557609476682401,-0.0937094341701985,-0.178365153576583,0.676362063146255,0.75104391468315,-1.36342870298979
-5.26376208763391,-9.96594735895173,-1.53102429920674,1.16126764420985,-0.85008814277841,-0.0165084390891302,-0.260379109352238,0.200546486427259,-0.273801559122588,0.347104069745828,-0.238496504116639,1.35244830881498,-1.54512142734531,-0.998164048014366,-1.56252013728876,-0.579522495747704
-4.21588489281171,-6.48686382828264,1.63972703260025,-2.78921103280649,0.561046840838225,0.0341694430569221,0.0680968514035395,-0.348938260047124,-1.24829107957025,-0.465452385095934,-0.158749583499489,-0.0611093912403213,-0.490748870582919,-0.794966845215519,-1.2598977226218,-2.93401325003091
-2.3778571705347,-4.39441551606484,-0.715462489053904,1.15853798414346,-0.42374894952448,-0.06259359169125,-1.16311184382315,-1.07628692561423,0.00286446656230689,-1.68193991020616,0.4483054208944,-0.559201787775348,0.0491817096643307,-2.26733614627974,-0.490685586896389,-0.633280390233429
2.85433978929752,6.43546122089758,-1.26349112097048,0.186433123993268,0.445412337068298,-0.0281697365347419,-0.288678479945106,-2.30067562526974,-0.854899191085802,0.357676483033072,-0.351900527570037,0.0107113105223998,0.457463752648658,1.3931217448542,-0.167618300988604,0.366771895475812
-1.28742881544629,-2.05267656049814,-0.279711530227463,0.69130999534515,-0.107940126124997,-0.058913440896844,-0.214724918903846,-1.13390234900486,-0.735425285064523,-0.520269251136553,0.0995191097344,-0.771754252526998,0.0410636106993424,0.199758952440572,-1.31838754573852,0.245168791972026
-0.342711520703609,-0.640314527711989,-1.53019943512224,0.836986935419225,-0.830700750174127,-0.0400466879845614,-0.717335414031968,0.744375250008196,0.0749803153915302,-1.54054309934082,-0.0127787692717568,-0.579787421393962,0.107548272912584,-1.01366921162351,1.4866665484501,-1.32623482983977
-0.442118108559237,-0.789453603396759,-1.45727602379485,-0.059958181189317,-0.394558912413988,-0.0468230492184308,0.621988126967667,-0.784009878475832,0.39658585137947,0.405195594611305,0.679366735597221,-0.740531658067995,0.245505950204578,-1.378485206833,-0.17395095057768,0.151605748469885
4.9877886257261,10.4687621929562,1.32027232710392,-3.39709231407342,-0.657431256700253,-0.0317164878424268,0.374559036352221,-0.277291147519029,2.59865587438276,-0.214391541582057,-0.678631478654023,2.8616007965844,3.18910778178874,0.350311312354838,2.17438267308929,0.527589999706883
-2.79318317865482,-5.09890281351904,-0.196029426501067,0.908077755548794,-0.333574174512977,0.186253722789513,0.0410300948247373,-1.62775669961152,-0.783476199634082,-0.615764500149263,0.192967465125078,-0.323456281233486,-0.138368479150298,0.0379823154506636,-0.308878028956046,-0.148781710677083
3.88905932424091,7.68599513874767,0.358443484455221,0.544960117681861,0.318977198402782,-0.344930903411818,0.409222312285391,1.22979243498801,-1.43095110756776,0.243870663118073,-0.218910563049981,0.669434652649661,0.39490978505191,0.13910232217784,1.29502984999233,0.271804359049154
-0.433223908294982,-0.0860907204936409,-0.83093859688147,0.451969513673676,0.944972997121968,0.131052732356018,0.00877173477536224,1.67453893791727,0.124105357670181,1.12632023495318,2.78350246039144,-0.763260010072739,-0.139801726760457,-0.57134951174913,-0.00580570998503045,-0.0259673389649223
-2.35284672932735,-3.71939279796786,-0.119037289876372,0.118934858630765,-0.681430058067702,0.111670637265948,1.01226673787283,-0.99902997039165,0.190855151470159,-0.883295090175954,0.170865386824931,-0.26152002643901,-0.0261597425645381,0.341336814335436,-1.70912764283485,-0.612198966694088
-1.11695974600388,-1.87737730918239,0.246390998071952,0.346767171691915,0.131177811029005,0.454886464303187,0.478827495270744,0.45939932182763,-0.804239878050949,0.666542244473705,2.8919632359767,-0.825861113786731,0.0626972425280928,-1.2492289609712,-0.914078433081239,-0.326299798548289
6.98316312976374,12.3193889032515,-0.350413879290559,1.00864235169954,-0.452825107632335,0.00128905966637718,1.0614930850973,-0.561331923044322,1.70576353133532,0.232880633954685,-0.927170480397607,3.45410825792965,4.37666037150423,1.11153637168175,3.29658645887873,0.701188186996181
0.0891538012528225,0.557135153261249,-0.611304374025608,0.987177885423835,-0.0816104608208268,0.0356262934749251,-0.448516931388513,0.842774530533452,-0.194298698907863,0.418569603673489,-0.327353488039128,-0.213964040696606,0.025476752933699,0.763089844639016,0.291063866881242,-0.330688143979775
3.03453033752729,5.85974786343274,0.895123206809509,-0.236981944825911,-0.168244689335163,-0.440632517091636,1.81487200056536,-0.391202398878033,-0.171208424587256,0.928709342689187,0.161421126676721,-0.329968529725305,-0.00107417868484522,0.700817293167942,-0.00677333687600328,0.561274793363141
-0.732065873589163,-1.96312648145944,1.06267287016097,-0.943501114443303,-0.707846352941666,-0.307333089790052,-0.135942027035233,0.282526549674446,0.0946190899440107,-0.33125849337941,-1.47732285596677,-0.223784275678307,0.0472834676799633,-0.253983997810434,0.0673271890159418,0.419256154323147
-1.82250123732653,-3.89910545385709,1.6599762408746,-0.249287464383077,-0.380954919166353,-0.0108517014465189,0.0266379932434576,1.61005358768801,-2.9988267105226,-1.06978182128672,-0.419316595130971,-0.478268790892616,-0.193920567767982,-1.1520028708495,-0.69198083085555,-1.33300490755815
0.951910590755056,2.15674713613978,0.561131890502591,0.406101176972613,-0.1329284158214,-0.113763388452161,-1.19461928140052,-0.593842107202578,1.53087602331272,-0.442725106114391,0.623066730187307,0.0751246913479855,0.0278126127338935,1.52736340875308,-0.0785734022879829,0.587957798345364
-3.44279571484686,-5.18981828776031,0.184317074388955,-1.95852275606147,-0.170249373359893,-0.0729073228703577,-0.309690767638753,-0.349488476668945,0.715385139995685,-0.839017762905254,0.16736647855668,-0.0348012441667144,0.0878512209243391,-0.24445057858251,0.159898801031874,-0.739270313984372
3.69669691663597,7.50306671734238,-1.38579707324116,-0.223671350902528,-0.938084094994074,0.147872437462768,-0.490667653061791,-2.58985996922852,-0.115145067765897,1.06609936733479,0.408922592470101,0.754252696851036,0.599376053288553,1.03028500975611,1.86501890807406,0.947233840089254
-5.29379961606083,-9.25047717020203,0.50753805760441,-1.54258061213071,0.129757147025004,-5.49690196224634,-0.26560062901312,-0.434956944746021,0.756199220787385,0.508860279583411,-0.376692503155218,0.817545523157506,-1.03584214578792,-1.03643097467578,-1.67861939899859,-0.434946304388137
0.122069448081063,-0.142269055185785,-0.988072320481164,-0.488302367062707,1.56558993401277,-0.0952386654362293,-0.332983454989759,-0.282033289204588,1.16776403797209,-1.07907307095892,0.739225477079712,-1.00988511903466,-0.00773837287187186,0.145414979814053,-1.28505763024412,0.72085576429053
0.144925464020041,0.369495648846972,0.741145956080633,0.739065204003922,-0.559309656410211,-0.438368419351678,0.724236586745782,-2.76135037901929,0.0101510597038957,-0.253137543405591,0.44593136412128,-0.767570474542337,0.0173527574341271,-1.21953054076957,0.19459910283765,-0.365587573840729
4.80599855437529,10.6758631923939,1.45261971684056,0.752252124019541,1.86439147889518,-0.0709543033475415,-0.667911597966319,-0.415132847869043,-0.300454859893171,2.18045489678813,-0.0978471841000502,0.939426830933304,0.605580382387424,0.41283785994741,1.14331327644095,2.01776536816866
2.52190501052339,5.32451504495324,-1.38616041740452,0.657597140230571,-0.50716873707262,-0.000467398320118688,-0.036325074152743,0.374986100826294,1.46803053443537,0.336272825863121,0.00682301069050551,-0.177504916286181,0.0915401217224257,0.212530443576008,1.15351587119995,1.24525376614264
0.260438917023581,0.956811403181722,-0.296344315050365,0.332332351862768,-0.52530702344584,-0.0964305117985762,0.659102377948872,1.11207166413309,0.230027146032495,-0.80340280974587,0.18697890979588,-0.690277223117689,-0.0450434259136721,-0.0280063292268177,-0.466763849437533,0.0236229366854298
4.41791026863872,8.37654930559885,0.202879601798477,-0.239233561252337,-0.744458129797654,-0.243114309055985,1.04448014863034,1.1084511751309,-0.461629229909146,1.02952100348113,-0.224693315922084,0.569261742354198,0.677388039768083,1.54643821619135,1.22225673875077,0.525963783700697
3.06334634103805,6.59526627696541,-1.72599247920096,0.224343680388475,-0.0777476125991483,0.693788979755925,0.0755876914541132,-0.247703960327253,0.512534917588274,0.923760686416177,-0.646405449532835,0.196763955320544,0.15514083114065,-0.314283851374813,0.966954140236541,0.450702173087314
2.31369852669867,4.88473707262982,-0.751665520280181,-0.78953204735461,-0.221495555305404,-0.693555210497432,-0.748925775625695,-0.963948621910832,-0.217705793802908,0.578424710555493,-0.663725118062401,0.211670899122647,0.221807173377978,0.155569538532114,0.614987914210378,-0.0990669069629615
-0.139036061012953,-0.548523550338759,0.583980925321031,0.631803644562106,0.784266147564276,-0.0639691747779538,0.136866334258793,1.54662582866216,-0.870252588846076,-0.175964564976275,0.407443238479389,-1.05368038589484,-0.0108288532735969,-0.689736970579521,-0.634773332081206,0.332421110559798
0.603206521671116,1.86344302162102,-0.834869721048862,-0.442765699214954,1.55670944651232,0.0345479328400885,2.07812854046989,-1.29029315372924,-1.45540812866591,-0.0644019603726455,-6.07829400240231,-0.602110950685877,-0.0694657756292154,-0.645385204193917,0.592254338866321,-0.797023859446427
-2.72414018577255,-5.76530745234957,0.666817861817536,-0.433621371326816,1.531995920107,-0.0825393124299214,-0.204114239413741,0.855946717697162,1.33998029143721,-0.350269997257561,0.0275974758944686,0.0863541674431536,-0.5796528510286,-1.73917257071075,-0.318889142475755,0.276378479684531
3.31690728989243,6.88129928098729,0.764289328910753,-1.00476669853639,-0.618987842965112,0.0274219828798179,1.41386660926861,-0.418809590730223,-0.219989539302227,0.0380017190609642,-0.360855173266397,0.155189533636161,0.17522415151312,1.2212485700828,1.55453127452588,1.14432785990995
0.649316533710455,1.38810187109255,0.0312889963575072,0.840874710881786,-0.25307073054268,-0.0156292176291583,-0.778250899065553,-0.231784883321018,1.79893967602288,-1.00169119186043,0.300871985793526,-0.82758116108979,9.09958998976885e-05,0.270359746082301,-0.239078200202062,1.05565739075459
3.29498406098807,6.30420772552215,-0.0893379773210649,-0.054243752321756,-0.726274225557782,-0.931922128659168,0.550058333626328,-0.957848007419809,2.17084669087653,0.979913942749207,-0.305286582952787,-0.754313989162768,0.363529508766389,1.6892250386339,0.529838943284976,0.860768468355637
-0.60738981360908,-0.99612007927622,0.417834269415161,0.426517680522476,-0.567384334976964,-0.484627334323897,0.0662704550831165,-0.373597694986958,0.478353669527445,-0.377940809126441,0.31703173603666,-0.954640017782136,-0.102310429437797,-1.07760960277649,0.454277376208493,-0.30942695422045
-6.89440231667839,-12.1825837763602,1.30623357475397,-3.09910716228399,-0.545557446441245,-0.0396593623963272,1.11951721482289,-1.7077867139064,-0.231771823576016,-1.03791244855632,-1.33001614762694,4.22657799063284,-5.71757789674432,-0.563823501824169,-2.56192052510483,-1.37619320272805
-2.98160233718198,-6.21969129769097,0.372757563086016,1.25780221152178,-0.765570163426017,0.225296829089814,1.40555614752431,-0.707398357230682,1.26365286552308,0.369134279547703,0.0694762697242593,-0.227483602290099,-0.277335974429452,-0.257576377759023,-1.09430601615721,0.05685061907467
-2.71149986742853,-4.83860434993616,0.29339838891844,-0.525676263765511,-0.356409986594853,-0.0362908913523638,-0.193357251528936,-0.880901885541269,0.0739906208630879,-0.407328131425911,0.364965634844573,-0.20323661067557,-0.48036020002441,-0.975822821876685,-0.914390661010861,-1.05496593323314
2.65836641347977,5.10944814720458,-0.245187781224955,1.03965464386992,0.672901984218333,-0.526084761391022,0.626584308821958,0.403586675177601,-0.0533221155892061,-0.0619107997180978,0.0188677921820102,-0.555982929300784,0.368096350374431,-0.0544675559145698,0.116907996050368,1.17420128498198
-0.583378874542357,-0.867966206008622,1.01071071684783,-0.639075686562833,-0.130090412462281,-0.0705254384292983,-0.428923079361085,-0.407815442699887,0.127895699329965,-0.49001857631851,-0.108245121335892,-0.950299037290707,-0.154502202198866,0.37873436910521,-0.741854893287763,-0.447954490211475
-3.45017805265201,-5.67193258722952,0.463199542789407,-2.11266955721525,-0.539231863205589,-0.421983698086693,-1.01650355484077,-1.19243466145692,1.10229482323518,-0.77960453730691,-1.63497241845233,0.0249182778857471,-0.213488370492027,-1.42587463572588,-1.05724198017707,-0.690109464745776
-5.57227308920188,-10.6762756089543,0.154983117806984,-0.452555681240923,0.848554566801632,0.71049140850085,-2.02193071394131,0.671777864400799,-0.501675637613584,-1.06719916771453,-2.33924865172503,2.89845297455082,-3.9115859657907,0.885329397615241,-2.89437518879342,-1.14369628528037
3.09294058296898,6.70711268373023,-1.14664342813781,0.576957687819027,-0.499089983904979,0.00658020797211005,-0.320608759865218,0.578327975689337,0.0369659331740276,0.321846624150129,0.0788978722855914,0.598408803863168,0.182851464726755,0.668304705071094,-0.183508681737514,1.50344966523843
-1.10192735248397,-1.09687665252685,-0.773159886676676,0.727576280906616,-0.574606180834098,0.0115876698031772,0.244642815594101,0.0763553377048869,-0.714982417481352,-0.790808083149496,2.40387130876124,-1.04247950960975,-0.0675508010318864,-1.41802536143873,0.240663407626042,-0.0397362352525361
1.08958216307348,1.61411296953062,1.40112423899716,0.582372226702651,-0.717738298642715,0.0826086119320192,1.40325909852155,0.163708540066918,1.07647181377955,-0.77405049037179,0.241009354769973,-0.955023668556945,0.131249207417405,0.20768550468995,0.702835505034995,0.0763985247701655
-3.35074683370001,-7.08682388454079,0.398287898663681,-0.657716698545015,0.0284736876979026,-0.0491410902132191,-1.3952038465956,0.115349946426067,-0.489320704584109,-1.89895541168683,-0.0905377541659455,0.149365484534209,-0.33295967978389,0.796199387811883,-1.38323232017742,-0.650003833162744
0.567013960173224,1.33160872834085,1.3524224435506,0.653809278026307,-0.674762639915174,0.30944089831014,-1.16069059998458,-1.14394314706477,-0.693506312331722,-0.1891998932372,1.2267264173387,-0.563551543458768,-0.163566079219727,1.65417725004987,-0.324554255020743,-0.490078101195193
-3.44246853446366,-6.74003109309259,0.82036940800938,0.364717360575984,-0.583388212205312,0.0329964713396173,-0.377034624263379,1.42354567250877,0.715610620720605,-1.37266693143854,-0.157342384086295,0.30649317344487,-0.55146911032197,-1.12827299010023,-1.36562150729127,-1.4473705041286
-0.283941728788216,-0.919606994998729,1.22221704055267,0.78531730755096,-0.58848276255525,0.0491427129761512,-1.34461941658739,-0.729607304479407,-0.261418799382532,-0.62684199370488,0.517787130930938,-0.979737089259894,0.0441942386857336,0.598268587736983,-0.371221777415343,-0.205031460147729
-3.70578207154445,-7.26183302797525,0.136538961271279,0.314796610416161,1.61087484303076,0.0219447922135332,-0.215705192963548,0.223447712769844,1.59767871705882,-1.21662079995302,0.242775700851441,0.223038869707445,-0.721904651094712,0.237058071211364,-1.16301323423455,-1.74687384950026
2.95867200697723,5.68841486735895,0.00297367292210112,0.77972264571958,-0.532236873497063,0.0309658217960894,-0.297702270448399,-0.422743790143008,-1.65252943896743,0.117961082684323,0.198044829125247,0.0150540179637514,0.208246989060443,-0.529772566441018,1.89628526135021,0.791805661733733
-3.98585261386938,-6.62571388675966,1.07395262902698,-3.68076211229243,0.110175908728537,-0.0974755985695245,-0.687407536335728,-1.8286303097883,0.523279351981362,-0.891419339545404,-0.108596622927245,0.254466383739132,-0.20143916591752,0.57873603304245,0.307664343719898,-1.02632168044124
4.63854113144449,9.40898484516258,1.13166994900152,0.521558316996328,-0.691324547907978,-0.205484337379705,-0.535037412459344,-2.83068942584902,1.27492978225734,0.751187975741108,-0.515417571281656,0.617969226883856,0.981896699836653,-0.600911412923692,0.0823422480911207,1.83312220845369
-0.239674674528284,0.444258878717493,-0.668794325698997,-2.26195437555863,-0.786163470939554,0.222657608419365,-0.377521212364029,0.345777337975567,0.716107802988746,0.318573979061681,-0.0820122707325885,-0.796713290446273,-0.059568009067637,-0.548083667063171,0.716361516788468,-0.137772225546327
2.07491065838532,4.12997079273106,0.969828721082935,-1.54276285144166,-0.664384088651335,-0.03308684156082,0.969073375639836,-1.72853998242696,-1.79714996999359,0.0944609070871422,0.0488008149354835,-0.807069505200261,0.139840376915874,-0.109835048960674,-0.334637873666238,0.43698996956128
-3.76533426757014,-7.64265744224762,0.740158662962878,-0.448072454706633,-0.0602921971827778,-0.0304391334265923,-0.686242346158052,-0.995024469822474,-1.21744787868088,-1.81872522179581,-0.622269063325947,0.784291883787457,-0.497343256197357,0.15494106603742,-1.21821921694451,-1.0756882164835
4.41849887391095,8.46066357082401,0.109037297221376,0.895490431174262,-0.571499906558887,0.231401047340363,0.0198410657126477,2.40609242420914,-0.644291201483104,1.04097797200445,-0.121754258360912,0.587245107094734,0.526213259817341,0.256621453960912,0.985088509957832,-0.224105352294218
1.96831899387778,4.84878285890484,-0.0478864612070343,1.31312803496959,-0.565707871994157,-0.163634175233621,-1.2348653304828,-1.06696492407184,1.43763657431043,1.54301757986626,-0.307313667622115,-0.12114186854784,-0.0293394023362393,-0.360629562333306,0.146260330046385,0.803222236411946
3.33491458157159,7.30084671965695,-0.0728643554919379,0.142670129635896,-0.636733252619859,-0.25810629429946,-0.347838808038275,1.10078266812488,-0.670462576234456,0.42625826702144,0.888485591355983,0.186753298753919,0.489296082699053,-0.869704462708175,2.06456988219932,-0.104372281251914
2.9249299710469,6.57858871138372,-1.33827736450198,0.46609911643933,-0.606534307459267,1.08776976606435,-0.533619111333033,-0.0573902261908176,-0.0516770237436305,1.85489250605373,0.223758342640698,-0.177511125971881,0.171298885671696,0.898541565742495,0.56373735163948,0.871434293848387
1.56201400759133,3.19095897567732,-0.181739288672472,0.766660381470076,1.50598663317915,-0.0857031507060229,1.73944064148909,0.900052668572209,-0.00777797480036075,-0.670107653152105,-0.563703169631646,-0.542366540224345,0.131213645740002,-0.429234892265377,0.271798753899133,0.421557925348351
2.36729059589023,5.06049563513264,0.321494267117564,0.684984549539381,-0.768172440714617,-0.0717627611352374,1.64703247697369,0.441710500631244,1.42094211610371,-0.253053461334886,0.119068956818888,-0.550039066138166,-0.06280308987323,1.06020027306794,0.688647295753432,0.591848866958601
-3.41560103207248,-5.92249535901088,-0.110092866882327,0.886526316495788,-0.151813438640733,-0.000966844040204597,0.498457612968516,-0.501670634249999,1.76826067549777,0.573961098934988,-0.3375340950844,0.236120590955678,-0.600095229192016,0.262120393044154,0.63983455619962,-1.33675667724185
1.64502483998351,2.79034827230849,0.718455860003633,0.259569135301995,-0.44933279215745,0.0247973313433785,0.764213246556782,0.819766124940142,-0.0443585543267834,0.423261999142187,0.121742242222953,-0.608630460559816,-0.0581466061870367,0.728119555419292,-0.39191447707879,0.0619165263954801
-4.25449842441247,-7.32917789512369,-1.06324469776764,1.2157931381037,-0.0616845344932861,0.322596872262905,-0.83488682278746,-0.903493747907806,-1.5380118723309,0.24039109408143,0.0909049829644206,0.0252202210010281,-0.301374148704049,0.359134787270816,-1.88570822889171,-1.02616264079434
-1.38692279682875,-2.19695528120941,-1.44117396415508,0.246579204461223,0.724771431277855,1.67182778978901,-0.998558680235674,-1.13349813941973,0.0696009666010964,0.359940490689839,0.161702786504223,-0.289149048622419,-0.022638319835299,0.803657541531421,-0.565050554036891,0.664843501154757
-3.57562749595888,-6.32682983662024,0.124582430858091,-0.118703778083673,-0.634233002200669,0.679937468365253,1.47737707863787,0.887635521341373,1.91495712117427,-0.374339340162887,3.21447811576798,0.146321297445954,-0.215979690120686,-0.367147238307707,-1.26154317710819,-0.727326898426817
3.11678512177171,7.16639615517186,-0.567539418831885,0.436447621465148,0.0804035887207772,-0.00253016463032456,-0.425692668571941,1.36308155820446,0.76974335029765,0.185891583619741,-0.722064856416996,0.190977042996145,0.536774559690876,-0.755671817450313,0.259183662902773,1.25814244264699
0.337105234925977,0.683060834059223,1.29204617043175,-0.825222734189943,-0.340063181890234,-0.131959620865738,0.62609355287933,-0.921749284092881,0.309339583771001,0.272598970056328,-0.905000541034001,-0.0550738677859394,-0.120193158373475,0.213941052125484,0.0317869989634844,0.155993464405438
-0.611589710728286,-0.99347417995829,-0.724879681958858,-0.896940566691732,0.968544905642503,0.385743179741301,0.412612881409379,1.64934431143691,0.148139798952885,-0.103235307959876,-0.0036503040137236,-0.673771031587116,0.260937133833774,-0.714412909081111,0.323951691556203,-0.385992861725547
-0.633021696246668,-1.60177738930951,1.02232280762841,0.487077846695606,2.21345917832587,-0.0403913250205379,-1.05456217347099,1.68676937810879,-0.0833541675733835,-0.544552303984306,-0.716173352504624,-0.86568362233774,-0.0897985496761699,0.869412134194306,-0.501306510482282,-1.453747115616
0.940779117073609,1.7820592472446,1.57806543013699,0.222964713614863,-0.730305007257252,-0.0577873992632678,-0.769955133533126,0.180436152500773,-0.61210053052495,-0.441535180768016,0.331879826484679,-0.330397503947186,-0.129772256213053,-0.115019900981736,-0.353259283618115,0.568710671164672
-0.965941702757073,-1.08620634098938,-1.77084447764286,-1.39608552052238,1.20309345496446,-0.00740610948698879,-0.587984230100721,0.168513773136218,1.87269633668981,-0.900286401288779,0.197429284391055,-0.514470411629591,0.00782029744111288,-1.18202480171061,-0.343535014211392,-0.558032695239013
-1.51083427315801,-2.23353653246238,-0.40733297445093,0.729865856039818,-0.329802835353833,0.584213040207333,1.2523630655585,0.872010409812483,0.00538639822467415,1.0035046861848,0.275839809646301,-1.01067293444238,-0.247038397276493,0.274246267945659,-0.613799430572818,0.172116689368258
-4.98849003611471,-9.8525795669643,0.419211451924955,0.601402884759412,-0.640715387266851,0.181455047955373,0.335843277213532,0.0824524949190727,-1.55114272959854,-1.50839841507766,-0.645962647150232,2.39363404887287,-2.45584300224289,-0.996442921894522,-1.67141629667137,-1.41977341598641
-1.05250188007928,-1.86992737823114,-0.038830985548702,0.722336537569497,0.786966106218603,-0.0891920698372446,-0.871304135135614,-0.250740897788271,1.040074414265,-0.504520731458444,0.163025348460277,-0.787220285887933,-0.051430142059258,-1.42614203406324,-1.17591474211496,0.0379130497617267
-3.59842228682221,-6.97638326121188,0.458088277080042,0.10060561827168,0.24045660043391,-0.0434824628133041,-1.49460859035734,-0.192373566063415,-0.575131456044367,1.43730097751095,-0.618024955830394,0.940783338625225,-1.13673088823806,-0.603768084106166,-1.95799310897661,-2.06461875997816
0.60395747935581,2.00494386189098,-0.893296426032349,-0.737877364591421,-0.859768687445675,-0.0879176866100661,0.395522426462342,-0.0767707720629074,1.3895990607776,-0.582681912887675,0.218932158917328,-0.640613498951666,-0.0897276256709271,1.22351972207911,0.286894721215499,0.163355381853041
0.750538584947805,17.7099792022067,1.38005298755921,1.01719096853337,-0.675479383725969,-0.100024227920277,0.160120090182366,1.69215764513868,-0.203204941992956,4.94074645858423,0.168875447150743,-0.955273438558331,-0.110536323876725,-0.353646822846775,-0.270461966394364,-0.593735903858457
0.23275682145045,-0.20127394382957,-0.518583058810359,-0.306509635418401,1.32847194803395,-0.0749297232781551,0.299572366665164,-0.652810070315601,0.893817042093296,-0.533975018279627,-0.0851801871710899,-0.713242436509858,-0.127185469932296,0.186199100998722,-0.089374260065997,0.416855371998584
-3.37803346088224,-5.43033257550527,-1.53138494539448,1.09538150591979,-0.132265225551376,-0.0606633124946796,1.33035648428222,-0.566119121380562,-0.388346736480667,-1.63897058247169,0.234306569585055,-0.128220755976194,-0.231696518946378,-0.606474369733224,0.272849638588977,-1.57089834804783
3.02457537633487,6.5129557460168,0.69809765950079,1.11306268648583,-0.0924256621939606,-0.0885025207484544,-0.603132283930175,-0.200452414615107,0.0393584144013534,0.619193104769272,-0.279545293623469,0.746955857914052,0.373848865496063,-0.412347107817989,1.34252739997713,1.9569978051679
-5.47282846979609,-10.0868992361556,0.194258808553456,0.735986972285833,-0.625238175703146,-1.1082492104786,-1.15649211001928,-1.61328935470337,1.35291547916255,-0.0607066083702405,-2.91599496129024,2.14011040750169,-2.41071885430009,-1.24838292537196,-1.55080479277727,-0.0469937620041253
1.45347923451417,3.47587656474537,-0.702512417918462,0.660035358513455,-0.67506040713551,-0.107884736234816,0.0474758168072717,0.350449312016725,-0.318686403486745,-0.213707369124122,0.518927125255799,-0.671219138500278,-0.00608845206791294,0.698333028455121,0.375610873897184,1.59891609819543
-1.89797366352584,-3.53363258572757,-1.2101996892649,0.401871382538389,0.0180310162546517,2.71890587404994,1.24787017765854,1.06251275062694,1.31830995006631,0.613411962407895,0.977804002764591,-0.187537231066761,-0.0955137729645441,1.82568005725802,-0.561090522401018,-0.389025593066062
-0.141544110550189,-0.410974091038767,-0.235699049188171,0.252276953932381,-0.189120837195407,-0.136003191608146,-1.33821845806988,1.08502477671223,-0.803429796380599,-0.63557961177708,0.404883606033117,-1.22209009655612,0.0588818984245391,0.0660298332983318,0.392043063615212,-0.0708574418045173
-0.959412933247297,-1.65718547903586,-1.71616180773142,-0.576925729362166,-0.242637998853884,0.635323574323262,-0.57277504750986,1.70984422611791,0.0551046694635461,0.636273288435563,0.172857799929654,-0.460825115803799,0.0169535892236884,0.272582981687989,-0.0569432844933781,-0.224958482929511
-1.87391562978259,-4.27391492418405,1.40675054101622,0.331369567486186,0.82269073115384,-2.06975076238058,0.711706285411313,-0.739173245383806,0.608139446152458,-0.524359452023995,-0.75067211924436,-0.241316936594497,-0.323249288197833,0.0456814585815861,-0.708089937838168,-0.832872655800606
4.6465787868189,8.7927201970574,0.321183587594563,0.640469929899571,0.0796672824161348,-0.10762633321609,0.965746553438693,2.00854696758184,0.662822665108269,1.03203442875447,1.78559105282849,1.25213515533796,1.01946711804257,1.2269867205832,1.82285950064971,0.830920483525434
0.0719977659106574,-0.515055926146774,0.633769421293305,0.290846945680473,2.52820137297152,0.72196039260243,0.609980266652085,0.383201990452575,1.03148879765217,-0.177093800963123,0.204064786669016,-0.898895702651481,-0.383863091103083,1.31743037354907,0.0687954219974692,-0.287125213011002
-2.05034418312657,-3.04242033761945,-0.333688949352633,0.525216434712287,-0.167528529187147,-0.0234083826945712,-2.29232348790988,0.121070880598583,-0.275463450022606,0.459016555040637,0.217893767040769,-0.534907042057579,-0.0480907884816347,-0.798191050687321,0.0650145107980143,-1.7957846899217
5.38705401975395,10.1291811524777,1.21105197793967,0.687406364929473,-0.674499551064645,-0.00178863394031678,-0.209134216617205,-0.382327064119824,-0.232776184047933,-0.0979632598712362,-0.402145446209522,1.98634659965377,2.56901959748028,-1.12998984079932,0.974483705236678,1.53527943549469
1.95066626117569,3.84755634476856,-1.08585517701208,-0.539412009477833,-0.25608453283193,-0.595685678361407,1.12073702515961,1.03561406830297,-0.72786268743757,0.743532857061693,0.316424944387829,-0.38382545174479,-0.1572412856935,-0.0993707667552133,0.909216181560466,1.10591798822683
0.96285691871293,2.27606384204593,-0.217638924066309,0.519532164530598,-0.675588555104565,-0.140351843538008,-0.0985697181636513,-1.64517406425554,0.659084834342066,0.714870502783225,0.679918022182532,-0.889000907009154,-0.0288084714719306,2.43252361480412,0.0672853051463077,-0.0729748916955385
-0.380656955758916,-0.214182531170515,-0.785644622852473,-0.440962565194983,2.70256469110872,-0.0709269102657197,0.169939656814182,-0.637982319292015,-0.0863265956875447,0.695985787909972,1.16473603395621,-0.673587881496125,-0.152151069891952,-1.07804632884495,-0.337899051965806,-1.03831139633419
-0.844541864601241,-0.632848249702953,-0.645711427706184,-1.03523678134159,-0.525361665096227,-0.0587158523778553,-0.67360585931364,0.0256698494959886,1.5105627023141,-1.08241931664541,-3.08745654343438,-0.999330460443183,-0.141654660520352,-1.44769054292727,0.00540343649800349,-1.91127526735253
-0.9131713805045,-1.78983491927395,0.0996932070745246,0.623625144203531,-0.43641777081205,0.142225158338746,-0.104626317020508,-1.32035313793376,-0.623474671913791,-0.52015335938646,0.446134073918985,-1.34840066329348,0.0384364532031231,0.189020189216493,-0.636581741416065,0.771499442220818
-2.18043880811891,-4.18549342555157,-0.671707416822769,1.0230512774394,1.7923256774328,-0.0557510884781506,-0.398693875726301,-1.38118391540246,-0.585004179087793,-1.31492201628566,-0.170553748780272,-0.712365516202795,-0.112711078880977,0.400180899680601,-0.419654765499587,-0.0398776311123127
2.68580082610637,5.91353710454434,-1.08078492735055,0.136905781735433,0.212422924921202,0.771361697345731,-2.15054460050061,0.740771096885901,-0.800324580808076,0.639198579004313,0.0129435683145171,-0.29047124934669,0.150223200288501,1.56723236876337,-0.433186109643461,1.29692596268561
1.50958914957552,2.71775868591894,-1.3054902663596,0.0733518849731832,0.815617086717045,-0.137809495372678,-1.4387057726016,-1.05604000584129,0.382744678300758,0.052828458369793,0.449213954582091,-0.828130401972532,-0.15779774417147,-0.578554417065109,0.889792148020844,1.07243023201447
1.26975742412449,2.83630320353906,-0.00902997884856288,1.35916087434103,-0.932948378293628,-0.0647555185304477,0.522302523274081,-0.618999860161218,-0.342403168628128,0.809312809141912,-0.462330954892186,-0.710076622935012,0.0134076850386645,-0.0844216231626782,0.080251021724237,0.497212261836
-0.610274370564066,-0.810088404772141,-0.0755546534838664,0.800923111100972,-0.599926457302155,-0.0664566159468419,0.0116665254982074,1.91856518832801,0.659259271808048,-0.522539011853998,0.330483716125346,-0.91516880264512,-0.0662045664268894,-0.124316016501504,-1.50500533503617,-1.14171174025542
3.73863057406396,7.31488807954474,1.55413328484108,1.29207744326183,-0.492789864220689,-0.509230318649324,-1.44135618823433,2.14567735050715,0.298032661834018,0.758943754611814,-0.574677109738589,0.262141992620162,0.509859197162182,0.141576253614784,0.820466962037651,0.967734842407094
-3.43692449315028,-6.41606110109608,1.03531102213556,0.78012944471425,-0.376678743893397,-1.59718494020294,1.31115079162806,0.262246867393402,1.3931501840196,0.179062766974729,-0.29179978469822,0.949998182443275,-0.594941274278089,-0.744443295324214,-0.24593747542782,-1.01663118145364
4.75042147594582,9.35295597559104,1.70900271622815,1.46864646118805,-0.654367970474213,-0.0741254747698503,-1.24402433361681,1.11637598773581,-0.355190790827591,0.751204477653637,-0.0454240636068009,0.984429012286218,0.891499295555034,0.150567860083248,0.383724802302982,1.80096020390941
4.788204991436,8.76812596395829,0.631666860550792,-0.497024539181506,-0.719490365553136,0.00340628285152735,-1.33411591554817,0.254001689165386,1.15654053649293,0.671565513632134,0.0384653117875931,0.547899076519832,0.8401168385552,1.68136833653921,0.0707270757694003,1.08618590525378
2.59212099770251,5.65502539062113,-1.01994966065228,1.12019506985713,0.124616768197222,0.833763607668524,-0.742766450077683,0.579170841452089,-0.560703405764546,0.523447829337014,-0.0399545393193628,-0.168667541445853,0.324547939062235,1.60018152321674,0.433317405541462,1.00436799428829
-3.97240859785328,-7.83286671219999,-1.3189824200998,-0.334589884644549,1.02210021781926,-0.0653970580676356,0.0732929381021837,-1.04264920060288,-0.712550876563909,-1.53270921157136,-0.604692768735775,0.516681658896429,-0.640576624716932,0.377918570880189,-1.32086406633963,-1.19036495175651
0.67742097254464,1.55086797435106,-1.28103634019789,0.337656095148291,-0.593809993954018,-0.354698200677177,0.227415447427834,-2.53121177993394,0.351170734776561,0.324057984561695,0.306304390623703,-0.532767712800409,-0.220725001402908,0.280045096948279,-0.396329035153024,0.572412943734721
-4.90999092117944,-7.39906407527832,-1.87553477667771,-3.15978468853797,-0.758121913206799,-0.038258161391865,-0.543978716680291,-0.369232366088093,-0.537147548822542,-0.540674867457258,-4.20364449720747,-0.324056872465297,-0.244717530008835,-1.5586179545425,-0.420308449471185,-1.67723839789946
-1.98934935867247,-3.60871468765824,-1.36141214145658,0.854219751383788,-0.307410262554681,-0.138152421928616,0.176177828197481,0.585667389049739,-1.56683415426499,0.210142553389749,-0.237460417086693,-0.00469776703915509,-0.0190929939238848,-2.2536471821516,-0.932735151232669,-0.178220269921273
-1.72620183952952,-3.15795830940627,0.271950229021626,0.452052404389345,-0.852557661883909,-0.32132774150827,0.154942821733428,-1.24115162619631,0.155045718473796,-0.616584011781816,-0.432261682478368,-1.14264755269691,-0.129287094943478,-0.139817524676444,0.431842675315563,-0.234722307299119
-4.03215734782677,-8.85655152687975,0.212396029087776,-0.747699458138887,3.82309529097036,0.305864185556931,-0.496411116929002,-0.532796052267773,-0.978022668939222,-0.767156378754257,-0.917021758619278,3.09724245483019,-4.14795815588852,0.495152637394549,-1.48126892815842,-0.87867936689362
-1.41432623098334,-2.88906906278336,-0.40606730900442,0.433792952395465,0.870850888425581,-1.3327653545211,0.968907387656454,-0.0146785462723166,0.225082623309749,-0.129609731908021,-0.354649659363038,-0.894985377048246,-0.132468478209678,-1.60626254522584,-0.921747778394279,0.408549760480156
-1.94639207488776,-4.63431149787507,1.42479252940975,-0.490879109822205,3.04372271821995,-0.0177104546181975,-0.425778831263722,0.185225115969051,-0.394985407980717,-1.38017062776709,0.224130029685093,0.584284377587402,-0.341770570384302,0.929638153344022,-0.323238414725917,-1.16237267326348
0.108918774691402,0.324978739950364,-1.35462631336498,0.310715674592392,-0.62870498837352,-0.0142587252010286,0.679978340825235,1.07951040145097,1.4894524411481,-0.0810216126202783,-0.672003073297683,-1.08495821984372,-0.0295457644221673,-0.64832050568337,-0.412372233160305,-0.365389681593753
-3.21057445290282,-5.96401585579134,-0.823464833073973,0.799030522385953,1.03503477534887,-0.470787316911364,0.0639209916341022,0.508291669262982,-0.375608914484437,-1.36555676543037,0.781269710064354,-0.0526886398726733,-0.0978413569426453,-1.61292272416955,-0.277374997332877,-1.02058462066508
-0.915148020557208,-0.794531013088921,-0.698456652605625,0.511394921106896,-0.253629492549383,0.035962765087305,0.806413185739086,0.871953719806568,-0.464224622961573,-0.899011943004078,-1.6005569345736,-0.687707963207002,-0.0122647741845197,-0.344090055360036,-0.591532052684811,-0.512446621781397
3.32094642658215,8.01516733419826,-1.24767852416238,1.23410288989644,-0.34096142775468,-0.0629053334912138,-0.408346526595632,-0.0690039120855139,-1.35008697201488,-0.442560612992786,-0.581055718541543,0.824702759512164,1.21255996453418,0.639964884759082,1.4707841870812,0.697908092843232
-3.94126057473536,-6.91378785855154,-0.180901992703319,0.872131914457654,-0.900994593558268,-0.174537890580168,0.170309347023213,-1.47414621447179,-1.01925404619933,-1.06044585459284,0.181071479481919,0.349329849648474,-0.377419510019325,-0.904102694802769,-1.21684335122951,-0.000543873302319937
-5.06154285596883,-9.2376625392008,-1.47293388756002,-0.337836506279387,-0.286072386829792,-0.0606199431493504,-1.02395172451643,-0.58601561250649,0.800892991080831,-1.3755095943513,-0.188419693530687,1.50353112440151,-1.398237625991,-0.958843264185451,-0.946561928039058,-0.788516880612336
0.265338488354544,0.552487841328054,0.168725707364535,0.029718249472317,-0.487044245439741,-0.614346501173356,0.884859017254491,-0.313614178864888,-0.162083510185963,-0.203553703429406,0.0120264257356401,-0.120866149501,-0.0610007518679947,-0.117732010770179,0.858160268906257,0.560741176538226
-3.0793186057194,-5.69460334693173,-1.07622250655401,-0.780380270080673,1.30028644836024,-0.021099876809246,-0.120388035555601,0.137136043752531,0.229445564022133,-0.702766750394731,0.0146826801792443,-0.250224214960791,-0.267606970413172,-0.0634641163569133,-0.704340779426948,-1.23678181204796
-3.57329939818264,-6.76376702277815,-0.407216148417144,0.889318118027845,-0.366827631758433,-0.124184100604545,0.735777286446703,1.06403654076938,-0.714099453603016,-1.74767599538361,0.308877315367315,-0.161577407829518,-0.412239199996289,-0.543334041745467,-0.318909382992092,-1.35093298762901
4.9146640231341,9.16604524928854,-0.795299963855105,-1.25570423951931,0.988959307599153,7.58909982865471,1.17967191566,-0.937333454404973,0.857986550594168,2.30650992272363,-0.285399076943509,-0.120804164068651,0.23832180253308,1.2788752211116,0.993795993259988,0.101724313800688
1.20224589647613,1.91726858083913,0.994535907101131,0.907945986556597,-0.58862189733281,-0.074567196504471,-0.64099005924119,0.87525559611822,-0.207050170677576,0.149453645584995,0.172952546356737,-0.621851123200787,-0.0513603059550438,0.245488409108693,-0.29111099231695,1.46198463978863
4.52261278828518,8.44401559163382,0.753170295808784,-0.25136047306725,-0.511487116603736,-0.125877505309885,0.233790507401165,0.40492342085199,-1.50544366108052,0.809026975450791,-0.499261064869514,0.262877236684371,0.603977659329852,0.220896349367009,1.25480094873369,1.67849309732995
-3.48074619789441,-6.36314425303319,0.106515496808039,0.590917223791032,-0.416885421950501,-0.947884454411836,-0.416195103750363,0.0526496718699508,-0.869982340404766,-0.851895361117449,-1.61156050357753,0.198287072286273,-0.147575493123425,-1.95597493618847,-1.60579286354418,-1.74156879144953
1.04148978413767,1.82443435524302,0.48104070787294,1.37166421147781,-0.247293805412062,-0.657296325621146,-1.04185321084321,2.15091683757198,-0.341099284862052,-0.0656866152136278,0.177522342472346,-0.292877216127871,-0.184925968839253,-0.894618026724858,0.403427721725676,0.591225620787525
0.324582169432359,0.360765976756234,0.856251322894215,0.651392576838154,-0.0248652339065964,0.372568671559698,0.152198599307146,0.0300639207405871,-0.279510330780889,-0.366165856232698,0.278061431985039,-1.15710854174285,0.187534330257055,2.06073676066516,0.18266082397225,-1.21631685153467
-4.95286816305717,-7.85831086982267,-1.65190224782229,1.02377190848352,-0.673263600521325,-0.0860978636891813,0.485381138202581,-0.621517494395426,0.957698355916108,-1.41351166868371,0.204829786382672,0.0673001774232068,-0.648126451481633,-2.53430245220208,-1.30212480799544,-1.78814151201155
-3.61879688495954,-6.27023608709495,-1.02371763701496,-0.0630258579792868,0.401125013938145,0.278007001374143,-1.35013843035866,-0.0936095311552042,1.09866253433996,-0.936997126053752,-0.305077141018586,-0.0159442110983163,-0.170448263933179,-1.18938223939859,-0.860403926349073,-0.591521554588766
-0.777126064530629,-0.798071273844883,-0.54935241203422,-0.510384576997382,0.0476520376782184,-0.0591528685775174,-0.0821969481620604,-0.0613085167211124,0.111369023749022,-0.676177432837601,0.558701170865175,-0.364942466498511,-0.0660044242508543,0.538125343793305,0.432346452474643,-0.78453979858775
0.129635157078476,1.04410567940882,-1.77435272537873,0.945868336315552,-0.677399728802403,0.0922515889120976,-0.625532021771875,0.936404115724088,-0.170077224021072,-1.02355211719177,0.0764246686897839,-0.340728150453261,-0.0126815319812164,0.539336837831474,-0.582488803676184,0.480635934785936
